,id,StuId,Class,Sex,CHI611,MATH611,ENG611,CHI612,MATH612,ENG612,CHI621,MATH621,ENG621,CHI622,MATH622,ENG622,CHI711,MATH711,ENG711,CHI712,MATH712,ENG712,CHI721,MATH721,ENG721,CHI722,MATH722,ENG722,CHI811,MATH811,ENG811,PHY811,CHI812,MATH812,ENG812,PHY812,CHI821,MATH821,ENG821,PHY821,CHI822,MATH822,ENG822,PHY822,CHI911,MATH911,ENG911,PHY911,CHE911,CHI912,MATH912,ENG912,PHY912,CHE912,CHI921,MATH921,ENG921,PHY921,CHE921
0,1,A01,A,F,83.33333333333334,83.0,95.0,85.55555555555556,95.0,96.0,89.0,92.0,98.0,91.11111111111111,91.0,98.0,88.88888888888889,89.0,93.0,83.0,100.0,95.5,92.22222222222223,94.0,99.0,87.77777777777779,93.0,92.0,83.0,96.0,95.0,89.0,86.0,89.0,95.0,84.0,88.88888888888889,85.0,92.0,85.0,75.0,92.5,92.5,91.0,83.33333333333333,86.66666666666666,90.66666666666666,80.0,85.0,86.66666666666666,89.33333333333333,91.0,88.0,94.0,80.0,91.33333333333333,93.33333333333333,87.77777777777779,95.0
1,2,A02,A,F,97.77777777777779,100.0,90.0,97.77777777777779,100.0,95.0,91.0,96.0,96.0,95.55555555555556,94.0,96.0,94.44444444444444,94.0,94.0,88.0,95.0,98.0,91.11111111111111,94.0,96.0,92.22222222222223,93.0,97.0,93.0,97.0,94.0,97.0,89.0,96.0,100.0,91.0,96.66666666666667,82.0,93.0,90.0,87.5,98.33333333333334,92.08333333333334,96.0,88.0,100.0,91.33333333333333,91.11111111111111,96.66666666666667,88.0,97.33333333333333,94.66666666666666,97.0,96.0,89.33333333333333,92.0,97.0,93.33333333333334,95.0
2,3,A03,A,F,94.44444444444444,97.0,91.0,96.66666666666667,96.0,97.0,93.0,98.0,97.0,97.77777777777779,93.0,97.0,93.33333333333334,94.0,95.0,91.0,98.0,98.0,86.66666666666667,95.0,98.0,92.22222222222223,93.0,99.0,93.0,97.0,94.0,94.0,88.0,94.0,99.0,86.0,93.33333333333334,89.0,96.0,97.0,86.66666666666667,95.83333333333334,97.91666666666667,97.0,84.0,96.0,90.66666666666666,86.66666666666667,95.0,88.0,97.33333333333333,96.33333333333333,96.0,95.0,89.33333333333333,96.66666666666666,97.33333333333333,95.55555555555556,95.0
3,4,A04,A,F,92.22222222222223,97.0,97.0,92.22222222222223,94.0,97.0,86.0,92.0,97.0,98.8888888888889,86.0,95.0,92.22222222222223,92.0,91.0,82.0,97.0,95.5,92.22222222222223,90.0,94.0,87.77777777777779,90.0,93.0,89.0,95.0,93.0,95.0,88.0,91.0,93.0,80.0,88.88888888888889,92.0,93.0,94.0,76.66666666666667,99.16666666666667,90.83333333333334,93.0,83.33333333333333,89.33333333333333,90.0,92.22222222222223,88.33333333333334,88.66666666666666,86.0,94.66666666666666,84.0,94.0,80.66666666666666,90.66666666666666,93.33333333333333,92.22222222222223,88.33333333333334
4,5,A05,A,F,90.0,89.0,94.0,93.33333333333334,89.0,90.0,86.0,94.0,97.0,93.33333333333334,88.0,95.0,95.55555555555556,87.0,92.0,78.0,94.0,95.0,88.88888888888889,89.0,91.0,87.77777777777779,86.0,91.0,87.0,90.0,89.0,84.0,86.0,85.0,94.0,85.0,83.33333333333334,76.0,92.0,78.0,75.0,78.33333333333334,91.66666666666667,89.0,84.66666666666666,94.0,81.33333333333333,81.11111111111111,80.0,84.66666666666666,91.33333333333333,90.66666666666666,87.0,92.0,82.66666666666666,93.33333333333333,85.33333333333333,87.77777777777779,90.0
6,7,A07,A,F,85.55555555555556,95.0,95.0,92.22222222222223,94.0,93.0,85.0,88.0,97.0,97.77777777777779,93.0,95.0,94.44444444444444,94.0,93.0,86.0,95.0,95.5,93.33333333333334,84.0,96.0,90.0,87.0,95.0,93.0,93.0,93.0,96.0,91.0,91.0,95.0,85.0,91.11111111111111,70.0,95.0,76.0,84.16666666666667,91.66666666666667,95.83333333333334,87.0,85.33333333333333,89.33333333333333,88.0,82.22222222222223,83.33333333333334,88.66666666666666,98.0,95.66666666666666,77.0,93.0,82.0,90.66666666666666,93.33333333333333,86.66666666666667,83.33333333333334
7,8,A08,A,F,83.33333333333334,93.0,95.0,92.22222222222223,89.0,89.0,86.0,94.0,97.0,93.33333333333334,93.0,92.0,90.0,89.0,89.0,85.0,96.0,87.5,85.55555555555556,93.0,91.0,82.22222222222223,89.0,90.0,87.0,87.0,91.0,96.0,86.0,88.0,93.0,94.0,90.0,73.0,88.0,80.0,80.0,90.83333333333334,92.91666666666667,93.0,79.33333333333333,79.33333333333333,87.33333333333333,85.55555555555556,86.66666666666667,86.0,90.66666666666666,90.66666666666666,80.0,95.0,81.33333333333333,88.0,95.66666666666666,87.77777777777779,85.0
8,9,A09,A,F,92.22222222222223,97.0,98.0,90.0,97.0,94.0,85.0,95.0,96.0,97.77777777777779,89.0,99.0,91.11111111111111,95.0,95.0,94.0,94.0,95.5,94.44444444444444,92.0,98.0,94.44444444444444,91.0,96.0,90.0,98.0,96.0,98.0,91.0,92.0,99.0,90.0,93.33333333333334,90.0,98.0,89.0,90.0,95.0,96.25,96.0,90.0,89.33333333333333,89.33333333333333,90.0,90.0,92.66666666666666,93.33333333333333,98.33333333333333,91.0,95.0,84.0,88.0,97.0,96.66666666666667,91.66666666666667
9,10,A10,A,F,91.11111111111111,91.0,90.0,87.77777777777779,86.0,89.0,77.0,89.0,85.0,87.77777777777779,89.0,89.0,91.11111111111111,80.0,87.0,80.0,93.0,84.0,84.44444444444444,80.0,82.0,91.11111111111111,77.0,88.0,85.0,85.0,85.0,89.0,88.0,87.0,87.0,74.0,84.44444444444444,89.0,87.0,72.0,80.0,88.33333333333334,88.75,86.0,80.0,90.0,80.66666666666666,77.77777777777779,80.0,81.33333333333333,90.66666666666666,89.33333333333333,87.0,85.0,82.0,92.0,90.66666666666666,78.88888888888889,86.66666666666667
10,11,A11,A,F,78.88888888888889,89.0,80.0,90.0,95.0,91.0,84.0,94.0,91.0,91.11111111111111,93.0,85.0,97.77777777777779,94.0,86.0,80.0,91.0,92.5,86.66666666666667,91.0,90.0,85.55555555555556,80.0,85.0,90.0,88.0,88.0,95.0,86.0,87.0,87.0,88.0,87.77777777777779,89.0,83.0,94.0,75.0,94.16666666666667,86.66666666666667,95.0,86.0,92.0,78.66666666666666,91.11111111111111,88.33333333333334,84.0,94.66666666666666,87.66666666666666,97.0,92.0,78.66666666666666,90.0,88.66666666666666,95.55555555555556,81.66666666666667
12,13,A13,A,F,91.11111111111111,90.0,79.0,88.88888888888889,85.0,87.0,87.0,90.0,94.0,92.22222222222223,93.0,85.0,87.77777777777779,92.0,80.0,80.0,84.0,91.5,91.11111111111111,93.0,85.0,83.33333333333334,80.0,84.0,85.0,83.0,86.0,86.0,86.0,80.0,90.0,79.0,87.77777777777779,61.0,79.0,72.0,79.16666666666667,85.0,84.58333333333334,85.0,80.66666666666666,94.0,80.0,82.22222222222223,88.33333333333334,81.33333333333333,91.33333333333333,87.66666666666666,78.0,92.0,80.0,84.66666666666666,92.66666666666666,86.66666666666667,88.33333333333334
13,14,A14,A,F,82.22222222222223,97.0,93.0,93.33333333333334,87.0,88.0,82.0,90.0,94.0,88.88888888888889,88.0,92.0,92.22222222222223,89.0,85.0,82.0,86.0,91.0,86.66666666666667,90.0,91.0,86.66666666666667,89.0,94.0,88.0,90.0,88.0,92.0,82.0,85.0,92.0,78.0,93.33333333333334,91.0,96.0,72.0,77.5,85.83333333333334,90.41666666666667,88.0,83.33333333333333,80.66666666666666,90.66666666666666,83.33333333333334,68.33333333333334,82.66666666666666,92.66666666666666,90.33333333333333,66.0,89.0,81.33333333333333,78.0,88.66666666666666,87.77777777777779,75.0
14,15,A15,A,F,88.88888888888889,83.0,88.0,88.88888888888889,84.0,91.0,84.0,83.0,88.0,88.88888888888889,92.0,86.0,90.0,93.0,80.0,80.0,87.0,87.5,90.0,90.0,83.0,85.55555555555556,79.0,76.0,84.0,80.0,80.0,95.0,87.0,84.0,87.0,80.0,88.88888888888889,84.0,84.0,88.0,80.83333333333334,84.16666666666667,93.75,97.0,78.0,86.0,82.66666666666666,86.66666666666667,80.0,84.0,87.33333333333333,89.33333333333333,87.0,92.0,81.33333333333333,89.33333333333333,88.66666666666666,88.88888888888889,86.66666666666667
15,16,A16,A,F,77.77777777777779,89.0,73.0,83.33333333333334,73.0,75.0,81.0,75.0,65.0,91.11111111111111,86.0,78.0,78.88888888888889,86.0,71.0,80.0,76.0,71.5,90.0,84.0,69.0,87.77777777777779,72.0,62.0,82.0,72.0,67.0,84.0,87.0,66.0,70.0,62.0,87.77777777777779,77.0,70.0,65.0,80.0,84.16666666666667,75.0,80.0,82.66666666666666,69.33333333333333,60.0,74.44444444444444,73.33333333333334,84.0,85.33333333333333,77.0,72.0,85.0,84.66666666666666,79.33333333333333,84.33333333333333,74.44444444444444,71.66666666666667
16,17,A17,A,M,87.77777777777779,96.0,93.0,94.44444444444444,98.0,95.0,85.0,91.0,89.0,93.33333333333334,92.0,94.0,96.66666666666667,93.0,90.0,86.0,99.0,92.0,91.11111111111111,94.0,90.0,85.55555555555556,86.0,88.0,91.0,94.0,82.0,95.0,88.0,86.0,88.0,90.0,90.0,90.0,92.0,90.0,81.66666666666667,80.83333333333334,96.25,95.0,87.33333333333333,90.66666666666666,82.0,90.0,93.33333333333334,84.0,92.0,90.0,92.0,93.0,77.0,82.66666666666666,88.66666666666666,87.77777777777779,83.33333333333334
17,18,A18,A,M,85.55555555555556,97.0,92.0,90.0,91.0,94.0,84.0,98.0,93.0,87.77777777777779,95.0,92.0,78.88888888888889,95.0,92.0,87.0,95.0,94.0,96.66666666666667,88.0,89.0,85.55555555555556,78.0,88.0,83.0,91.0,79.0,86.0,89.0,96.0,90.0,78.0,86.66666666666667,93.0,85.0,71.0,82.5,82.5,95.83333333333334,90.0,78.0,90.0,82.66666666666666,91.11111111111111,75.0,86.0,82.66666666666666,90.66666666666666,91.0,78.0,81.33333333333333,89.33333333333333,92.66666666666666,91.11111111111111,83.33333333333334
18,19,A19,A,M,92.22222222222223,97.0,91.0,91.11111111111111,99.0,95.0,87.0,100.0,93.0,94.44444444444444,93.0,94.0,95.55555555555556,97.0,93.0,78.0,100.0,89.5,90.0,93.0,95.0,88.88888888888889,96.0,96.0,88.0,99.0,93.0,99.0,90.0,99.0,94.0,93.0,83.33333333333334,96.0,95.0,93.0,72.5,100.0,97.91666666666667,92.0,86.0,97.33333333333333,94.0,94.44444444444444,93.33333333333334,77.33333333333333,93.33333333333333,90.66666666666666,91.0,96.0,88.66666666666666,92.66666666666666,94.33333333333333,97.77777777777779,91.66666666666667
19,20,A20,A,M,88.88888888888889,91.0,91.0,88.88888888888889,92.0,93.0,75.0,94.0,91.0,78.88888888888889,81.0,94.0,73.33333333333334,93.0,84.0,80.0,93.0,86.5,91.11111111111111,81.0,85.0,83.33333333333334,82.0,89.0,73.0,92.0,79.0,84.0,88.0,88.0,91.0,84.0,84.44444444444444,82.0,89.0,92.0,71.66666666666667,87.5,81.66666666666667,97.0,75.33333333333333,86.0,79.33333333333333,85.55555555555556,88.33333333333334,82.66666666666666,93.33333333333333,86.33333333333333,85.0,92.0,80.0,84.66666666666666,89.33333333333333,95.55555555555556,83.33333333333334
20,21,A21,A,M,87.77777777777779,98.0,87.0,91.11111111111111,97.0,92.0,86.0,94.0,88.0,95.55555555555556,99.0,90.0,96.66666666666667,94.0,85.0,82.0,96.0,91.5,93.33333333333334,94.0,89.0,93.33333333333334,96.0,82.0,84.0,95.0,90.0,97.0,93.0,100.0,93.0,86.0,91.11111111111111,95.0,91.0,88.0,77.5,100.0,90.0,92.0,77.33333333333333,94.66666666666666,84.0,90.0,91.66666666666667,84.66666666666666,97.33333333333333,88.66666666666666,93.0,95.0,82.0,91.33333333333333,93.33333333333333,95.55555555555556,95.0
21,22,A22,A,M,87.77777777777779,91.0,85.0,91.11111111111111,95.0,94.0,81.0,91.0,88.0,92.22222222222223,96.0,88.0,93.33333333333334,95.0,92.0,86.0,96.0,90.5,90.0,95.0,90.0,92.22222222222223,90.0,90.0,83.0,96.0,86.0,99.0,90.0,92.0,92.0,91.0,95.55555555555556,84.0,94.0,95.0,71.66666666666667,97.5,91.25,96.0,88.0,94.0,90.0,88.88888888888889,96.66666666666667,87.33333333333333,94.66666666666666,90.0,95.0,93.0,79.33333333333333,91.33333333333333,94.66666666666666,91.11111111111111,91.66666666666667
22,23,A23,A,M,82.22222222222223,93.0,82.0,91.11111111111111,97.0,91.0,79.0,99.0,83.0,93.33333333333334,95.0,91.0,90.0,90.0,86.0,79.0,97.0,90.5,93.33333333333334,95.0,86.0,92.22222222222223,89.0,84.0,87.0,97.0,90.0,96.0,90.0,97.0,93.0,84.0,90.0,95.0,89.0,86.0,80.83333333333334,100.0,86.25,95.0,83.33333333333333,93.33333333333333,81.33333333333333,80.0,88.33333333333334,85.33333333333333,94.66666666666666,90.0,91.0,98.0,85.33333333333333,85.33333333333333,90.66666666666666,92.22222222222223,93.33333333333334
23,24,A24,A,M,88.88888888888889,87.0,87.0,90.0,98.0,91.0,84.0,92.0,89.0,90.0,94.0,92.0,91.11111111111111,92.0,91.0,78.0,95.0,95.0,87.77777777777779,86.0,95.0,81.11111111111111,88.0,87.0,87.0,97.0,91.0,91.0,84.0,95.0,96.0,87.0,93.33333333333334,93.0,96.0,83.0,84.16666666666667,90.0,94.16666666666667,95.0,90.0,86.0,88.0,91.11111111111111,91.66666666666667,86.66666666666666,95.33333333333333,93.33333333333333,92.0,97.0,82.66666666666666,92.66666666666666,92.33333333333333,94.44444444444444,88.33333333333334
24,25,A25,A,M,86.66666666666667,95.0,88.0,85.55555555555556,99.0,93.0,86.0,97.0,92.0,86.66666666666667,95.0,92.0,87.77777777777779,98.0,88.0,87.0,94.0,96.5,94.44444444444444,94.0,94.0,90.0,96.0,92.0,86.0,97.0,91.0,97.0,96.0,90.0,97.0,86.0,90.0,93.0,87.0,88.0,79.16666666666667,93.33333333333334,95.0,97.0,84.66666666666666,90.66666666666666,84.0,82.22222222222223,88.33333333333334,80.66666666666666,94.66666666666666,92.66666666666666,84.0,90.0,84.66666666666666,98.66666666666666,92.33333333333333,95.55555555555556,93.33333333333334
25,26,A26,A,M,85.55555555555556,76.0,84.0,91.11111111111111,89.0,80.0,80.0,91.0,80.0,81.11111111111111,87.0,86.0,78.88888888888889,83.0,79.0,79.0,89.0,90.0,81.11111111111111,87.0,84.0,77.77777777777779,83.0,81.0,70.0,87.0,84.0,83.0,90.0,87.0,84.0,79.0,83.33333333333334,89.0,84.0,56.0,71.66666666666667,80.0,82.08333333333334,78.0,82.66666666666666,76.66666666666666,85.33333333333333,83.33333333333334,73.33333333333334,72.0,84.0,76.33333333333333,69.0,60.0,75.33333333333333,80.0,80.66666666666666,70.0,78.33333333333334
26,27,A27,A,M,87.77777777777779,100.0,84.0,91.11111111111111,87.0,93.0,77.0,89.0,86.0,87.77777777777779,89.0,82.0,94.44444444444444,92.0,84.0,82.0,91.0,88.5,92.22222222222223,86.0,88.0,82.22222222222223,83.0,92.0,85.0,92.0,89.0,86.0,87.0,85.0,85.0,84.0,84.44444444444444,84.0,87.0,80.0,72.5,89.16666666666667,88.75,94.0,87.33333333333333,90.66666666666666,77.33333333333333,85.55555555555556,91.66666666666667,80.66666666666666,90.0,80.33333333333333,87.0,90.0,76.66666666666666,86.0,90.0,92.22222222222223,85.0
28,29,A29,A,M,80.0,99.0,93.0,85.55555555555556,91.0,81.0,80.0,93.0,88.0,82.22222222222223,95.0,89.0,78.88888888888889,94.0,83.0,73.0,96.0,89.0,85.55555555555556,90.0,87.0,82.22222222222223,93.0,84.0,78.0,96.0,86.0,95.0,85.0,96.0,89.0,86.0,91.11111111111111,93.0,92.0,91.0,73.33333333333334,96.66666666666667,92.08333333333334,97.0,74.66666666666666,94.66666666666666,84.0,93.33333333333334,86.66666666666667,84.0,97.33333333333333,92.33333333333333,93.0,93.0,78.0,96.66666666666666,92.0,96.66666666666667,91.66666666666667
29,30,A30,A,M,78.88888888888889,84.0,91.0,90.0,92.0,85.0,75.0,94.0,90.0,87.77777777777779,93.0,91.0,84.44444444444444,96.0,82.0,77.0,91.0,90.0,80.0,87.0,85.0,80.0,89.0,84.0,76.0,88.0,73.0,82.0,85.0,92.0,88.0,87.0,80.0,90.0,91.0,81.0,70.0,91.66666666666667,90.83333333333334,94.0,78.66666666666666,87.33333333333333,80.66666666666666,84.44444444444444,86.66666666666667,74.66666666666666,88.0,86.33333333333333,90.0,91.0,75.33333333333333,100.0,82.66666666666666,86.66666666666667,81.66666666666667
30,31,A31,A,M,86.66666666666667,97.0,85.0,88.88888888888889,100.0,91.0,81.0,99.0,93.0,100.0,93.0,91.0,95.55555555555556,97.0,93.0,87.0,97.0,93.5,90.0,96.0,91.0,88.88888888888889,95.0,95.0,88.0,96.0,92.0,97.0,87.0,98.0,95.0,85.0,86.66666666666667,92.0,97.0,95.0,81.66666666666667,100.0,93.75,94.0,82.0,96.66666666666666,86.66666666666666,87.77777777777779,91.66666666666667,86.66666666666666,97.33333333333333,92.66666666666666,86.0,93.0,82.66666666666666,93.33333333333333,94.33333333333333,93.33333333333334,90.0
31,32,A32,A,M,83.33333333333334,83.0,84.0,88.88888888888889,85.0,81.0,70.0,88.0,87.0,92.22222222222223,91.0,88.0,91.11111111111111,91.0,85.0,82.0,87.0,87.5,87.77777777777779,83.0,88.0,88.88888888888889,89.0,88.0,85.0,84.0,87.0,93.0,82.0,87.0,93.0,80.0,90.0,92.0,88.0,86.0,79.16666666666667,80.0,89.16666666666667,84.0,78.66666666666666,92.0,82.66666666666666,84.44444444444444,88.33333333333334,83.33333333333333,84.66666666666666,87.0,85.0,90.0,81.33333333333333,89.33333333333333,86.66666666666666,93.33333333333334,86.66666666666667
32,33,A33,A,M,73.33333333333334,87.0,86.0,87.77777777777779,86.0,86.0,80.0,88.0,82.0,88.88888888888889,84.0,76.0,93.33333333333334,87.0,77.0,81.0,97.0,90.5,85.55555555555556,96.0,93.0,85.55555555555556,94.0,92.0,85.0,90.0,85.0,88.0,91.0,96.0,89.0,74.0,92.22222222222223,77.0,89.0,79.0,75.83333333333334,90.0,87.91666666666667,91.0,82.0,96.66666666666666,87.33333333333333,81.11111111111111,78.33333333333334,78.0,99.33333333333333,87.66666666666666,91.0,90.0,78.0,86.0,92.0,87.77777777777779,81.66666666666667
33,34,A34,A,M,61.111111111111114,84.0,89.0,71.11111111111111,89.0,86.0,68.0,86.0,83.0,74.44444444444444,84.0,88.0,86.66666666666667,83.0,80.0,71.0,87.0,86.5,77.77777777777779,76.0,83.0,75.55555555555556,79.0,80.0,74.0,85.0,81.0,90.0,76.0,68.0,77.0,73.0,70.0,84.0,80.0,74.0,70.0,87.5,78.33333333333334,84.0,72.66666666666666,60.0,74.66666666666666,81.11111111111111,63.333333333333336,76.0,86.66666666666666,80.33333333333333,78.0,82.0,70.0,81.33333333333333,85.66666666666666,80.0,73.33333333333334
36,37,A37,A,M,78.88888888888889,92.0,71.0,81.11111111111111,78.0,74.0,72.0,83.0,80.0,82.22222222222223,80.0,79.0,80.0,86.0,75.0,69.0,93.0,78.5,81.11111111111111,83.0,81.0,83.33333333333334,75.0,73.0,77.0,71.0,75.0,77.0,84.0,58.0,77.0,60.0,81.11111111111111,76.0,69.0,43.0,71.66666666666667,84.16666666666667,65.0,71.0,78.66666666666666,68.66666666666666,64.66666666666666,74.44444444444444,55.0,72.0,80.66666666666666,72.66666666666666,68.0,72.0,73.33333333333333,80.66666666666666,80.33333333333333,66.66666666666667,68.33333333333334
41,42,B01,B,F,94.44444444444444,100.0,95.0,92.22222222222223,91.0,99.0,84.0,96.0,92.0,86.66666666666667,97.0,95.0,94.44444444444444,95.0,91.0,80.0,91.0,93.5,82.22222222222223,93.0,93.0,92.22222222222223,85.0,90.0,86.0,93.0,91.0,97.0,87.0,91.0,94.0,94.0,92.22222222222223,94.0,91.0,97.0,80.83333333333334,97.5,95.0,96.0,89.33333333333333,94.66666666666666,86.66666666666666,96.66666666666667,98.33333333333334,82.66666666666666,91.33333333333333,92.33333333333333,94.0,98.0,86.0,91.33333333333333,94.0,92.22222222222223,90.0
42,43,B02,B,F,87.77777777777779,96.0,94.0,86.66666666666667,94.0,96.0,75.0,96.0,96.0,85.55555555555556,92.0,97.0,77.77777777777779,93.0,94.0,83.0,97.0,97.0,85.55555555555556,95.0,97.0,90.0,95.0,97.0,78.0,91.0,93.0,99.0,92.0,88.0,97.0,91.0,90.0,92.0,96.0,87.0,85.0,95.0,98.33333333333334,97.0,81.33333333333333,81.33333333333333,92.0,97.77777777777779,90.0,88.66666666666666,95.33333333333333,96.0,94.0,97.0,85.33333333333333,93.33333333333333,93.66666666666666,96.66666666666667,93.33333333333334
43,44,B03,B,F,87.77777777777779,97.0,99.0,88.88888888888889,99.0,98.0,90.0,100.0,98.0,91.11111111111111,99.0,98.0,85.55555555555556,95.0,97.0,88.0,97.0,97.5,92.22222222222223,94.0,98.0,88.88888888888889,90.0,96.0,86.0,99.0,97.0,97.0,91.0,90.0,98.0,98.0,93.33333333333334,95.0,97.0,96.0,84.16666666666667,97.5,97.5,99.0,90.66666666666666,94.66666666666666,91.33333333333333,94.44444444444444,95.0,84.0,98.66666666666666,97.66666666666666,95.0,95.0,86.66666666666666,89.33333333333333,97.33333333333333,95.55555555555556,91.66666666666667
44,45,B04,B,F,92.22222222222223,100.0,94.0,81.11111111111111,96.0,91.0,86.0,95.0,94.0,83.33333333333334,91.0,95.0,92.22222222222223,95.0,91.0,78.0,99.0,98.0,90.0,93.0,92.0,86.66666666666667,92.0,96.0,89.0,93.0,86.0,96.0,84.0,92.0,97.0,85.0,92.22222222222223,96.0,94.0,95.0,74.16666666666667,87.5,91.25,99.0,84.66666666666666,90.0,84.0,91.11111111111111,91.66666666666667,81.33333333333333,94.66666666666666,92.33333333333333,88.0,93.0,81.33333333333333,92.0,91.66666666666666,88.88888888888889,88.33333333333334
45,46,B05,B,F,84.44444444444444,91.0,94.0,98.8888888888889,97.0,98.0,89.0,100.0,95.0,97.77777777777779,95.0,97.0,96.66666666666667,97.0,98.0,86.0,100.0,97.0,91.11111111111111,93.0,94.0,94.44444444444444,88.0,99.0,84.0,96.0,95.0,96.0,87.0,95.0,98.0,92.0,98.8888888888889,89.0,93.0,100.0,82.5,100.0,97.08333333333334,99.0,91.33333333333333,96.66666666666666,88.66666666666666,92.22222222222223,98.33333333333334,90.0,96.66666666666666,96.0,95.0,93.0,81.33333333333333,96.0,97.33333333333333,97.77777777777779,96.66666666666667
46,47,B06,B,F,86.66666666666667,93.0,95.0,96.66666666666667,100.0,100.0,91.0,97.0,98.0,100.0,93.0,98.0,93.33333333333334,95.0,99.0,91.0,97.0,97.0,95.55555555555556,94.0,96.0,95.55555555555556,89.0,99.0,92.0,98.0,100.0,97.0,87.0,93.0,99.0,86.0,92.22222222222223,91.0,98.0,95.0,83.33333333333334,98.33333333333334,96.25,99.0,93.33333333333333,96.0,91.33333333333333,100.0,95.0,86.66666666666666,96.0,97.66666666666666,98.0,97.0,89.33333333333333,90.66666666666666,98.33333333333333,97.77777777777779,95.0
47,48,B07,B,F,91.11111111111111,96.0,98.0,97.77777777777779,92.0,100.0,90.0,96.0,99.0,98.8888888888889,95.0,98.0,91.11111111111111,90.0,97.0,88.0,88.0,99.0,98.8888888888889,91.0,97.0,97.77777777777779,86.0,96.0,90.0,83.0,96.0,95.0,88.0,86.0,98.0,92.0,90.0,79.0,93.0,91.0,78.33333333333334,77.5,99.16666666666667,98.0,90.0,94.0,89.33333333333333,90.0,90.0,90.0,97.33333333333333,94.33333333333333,92.0,95.0,86.0,90.0,96.66666666666666,94.44444444444444,75.0
48,49,B08,B,F,85.55555555555556,93.0,97.0,90.0,86.0,92.0,85.0,95.0,98.0,91.11111111111111,90.0,97.0,88.88888888888889,92.0,95.0,80.0,89.0,94.0,93.33333333333334,85.0,94.0,88.88888888888889,84.0,92.0,82.0,91.0,96.0,84.0,87.0,72.0,92.0,83.0,84.44444444444444,78.0,90.0,86.0,75.0,80.83333333333334,97.08333333333334,86.0,84.66666666666666,90.66666666666666,88.66666666666666,88.88888888888889,81.66666666666667,88.0,94.66666666666666,95.33333333333333,84.0,95.0,80.0,77.33333333333333,92.0,91.11111111111111,78.33333333333334
49,50,B09,B,F,87.77777777777779,95.0,91.0,91.11111111111111,94.0,91.0,82.0,95.0,93.0,90.0,95.0,92.0,91.11111111111111,93.0,88.0,85.0,98.0,95.5,95.55555555555556,82.0,93.0,80.0,94.0,92.0,89.0,86.0,90.0,93.0,91.0,88.0,94.0,88.0,88.88888888888889,89.0,91.0,92.0,80.83333333333334,91.66666666666667,87.91666666666667,99.0,84.0,90.66666666666666,85.33333333333333,84.44444444444444,81.66666666666667,86.0,98.0,96.0,87.0,89.0,84.66666666666666,95.33333333333333,87.33333333333333,93.33333333333334,81.66666666666667
50,51,B10,B,F,88.88888888888889,96.0,88.0,90.0,95.0,95.0,85.0,94.0,99.0,93.33333333333334,95.0,97.0,96.66666666666667,94.0,95.0,89.0,92.0,96.5,88.88888888888889,95.0,95.0,95.55555555555556,90.0,93.0,89.0,97.0,95.0,95.0,89.0,84.0,96.0,89.0,91.11111111111111,88.0,93.0,94.0,87.5,86.66666666666667,96.66666666666667,96.0,82.0,92.66666666666666,90.0,85.55555555555556,80.0,88.0,95.33333333333333,94.0,88.0,93.0,86.0,84.66666666666666,93.33333333333333,94.44444444444444,86.66666666666667
51,52,B11,B,F,86.66666666666667,99.0,89.0,90.0,92.0,87.0,79.0,97.0,95.0,93.33333333333334,98.0,94.0,87.77777777777779,95.0,95.0,85.0,96.0,91.5,83.33333333333334,98.0,95.0,87.77777777777779,92.0,92.0,77.0,95.0,89.0,92.0,88.0,87.0,97.0,94.0,84.44444444444444,85.0,93.0,93.0,75.83333333333334,85.83333333333334,93.75,94.0,84.0,91.33333333333333,84.0,87.77777777777779,83.33333333333334,86.66666666666666,92.66666666666666,93.33333333333333,83.0,92.0,79.33333333333333,90.66666666666666,90.66666666666666,96.66666666666667,90.0
52,53,B12,B,F,87.77777777777779,93.0,94.0,91.11111111111111,93.0,92.0,79.0,96.0,93.0,90.0,94.0,92.0,84.44444444444444,88.0,85.0,83.0,95.0,89.0,85.55555555555556,92.0,92.0,87.77777777777779,87.0,86.0,78.0,98.0,85.0,96.0,86.0,94.0,89.0,91.0,86.66666666666667,82.0,89.0,81.0,75.0,90.83333333333334,87.91666666666667,93.0,83.33333333333333,88.0,84.66666666666666,88.88888888888889,86.66666666666667,78.0,88.66666666666666,93.66666666666666,88.0,87.0,80.66666666666666,93.33333333333333,92.0,92.22222222222223,81.66666666666667
53,54,B13,B,F,81.11111111111111,92.0,84.0,94.44444444444444,86.0,89.0,89.0,95.0,84.0,94.44444444444444,96.0,91.0,91.11111111111111,93.0,90.0,83.0,100.0,92.0,90.0,92.0,88.0,86.66666666666667,94.0,90.0,87.0,97.0,84.0,93.0,89.0,92.0,86.0,86.0,91.11111111111111,82.0,88.0,92.0,80.0,95.83333333333334,86.25,100.0,90.0,97.33333333333333,82.66666666666666,94.44444444444444,91.66666666666667,81.33333333333333,96.66666666666666,93.0,94.0,88.0,83.33333333333333,90.0,92.66666666666666,90.0,90.0
54,55,B14,B,F,78.88888888888889,84.0,87.0,83.33333333333334,84.0,94.0,81.0,84.0,93.0,86.66666666666667,82.0,86.0,76.66666666666667,83.0,83.0,76.0,84.0,91.0,85.55555555555556,81.0,88.0,80.0,74.0,88.0,77.0,68.0,79.0,88.0,79.0,46.0,88.0,74.0,77.77777777777779,76.0,83.0,80.0,64.16666666666667,80.83333333333334,85.41666666666667,83.0,72.0,70.0,82.0,80.0,76.66666666666667,74.66666666666666,77.33333333333333,90.66666666666666,80.0,78.0,70.0,82.0,88.0,76.66666666666667,68.33333333333334
55,56,B15,B,F,88.88888888888889,98.0,88.0,85.55555555555556,88.0,89.0,86.0,89.0,97.0,92.22222222222223,90.0,94.0,92.22222222222223,91.0,90.0,83.0,88.0,90.0,88.88888888888889,85.0,92.0,87.77777777777779,68.0,86.0,84.0,85.0,89.0,94.0,86.0,64.0,87.0,84.0,96.66666666666667,81.0,90.0,77.0,71.66666666666667,63.333333333333336,87.08333333333334,98.0,83.33333333333333,55.33333333333333,80.0,77.77777777777779,75.0,82.66666666666666,82.0,89.33333333333333,64.0,59.0,86.66666666666666,72.66666666666666,91.0,83.33333333333334,61.66666666666667
56,57,B16,B,F,85.55555555555556,87.0,90.0,87.77777777777779,81.0,91.0,86.0,84.0,92.0,85.55555555555556,95.0,94.0,88.88888888888889,95.0,90.0,85.0,97.0,92.0,85.55555555555556,91.0,93.0,92.22222222222223,89.0,91.0,83.0,97.0,87.0,97.0,90.0,76.0,92.0,90.0,84.44444444444444,85.0,89.0,93.0,77.5,79.16666666666667,95.41666666666667,99.0,86.66666666666666,94.66666666666666,90.0,86.66666666666667,90.0,83.33333333333333,91.33333333333333,94.0,81.0,84.0,80.0,93.33333333333333,92.0,92.22222222222223,88.33333333333334
57,58,B17,B,F,76.66666666666667,54.0,34.0,73.33333333333334,40.0,47.0,67.0,66.0,33.0,65.55555555555556,56.0,39.0,74.44444444444444,72.0,34.0,59.0,51.0,28.5,46.66666666666667,35.0,30.0,72.22222222222223,24.0,29.0,72.0,6.0,26.0,54.0,71.0,1.0,21.0,52.0,70.0,8.0,40.0,54.0,54.16666666666667,20.833333333333336,22.083333333333336,60.0,72.0,8.666666666666666,22.0,53.333333333333336,35.0,79.0,87.33333333333333,86.83333333333333,83.0,86.0,70.0,26.666666666666664,36.33333333333333,52.22222222222222,38.333333333333336
58,59,B18,B,F,83.33333333333334,93.0,78.0,78.88888888888889,98.0,84.0,85.0,98.0,84.0,86.66666666666667,92.0,84.0,85.55555555555556,92.0,70.0,78.5,89.0,87.5,80.0,92.0,79.0,80.0,91.0,80.0,86.0,95.0,91.0,99.0,89.0,92.0,68.0,87.0,83.33333333333334,85.0,73.0,94.0,74.16666666666667,90.83333333333334,70.83333333333334,93.0,78.66666666666666,92.66666666666666,64.66666666666666,94.44444444444444,91.66666666666667,85.33333333333333,89.33333333333333,79.33333333333333,90.0,91.0,76.0,87.33333333333333,76.33333333333333,92.22222222222223,90.0
59,60,B19,B,M,96.66666666666667,100.0,90.0,85.55555555555556,97.0,86.0,90.0,95.0,92.0,88.88888888888889,95.0,94.0,85.55555555555556,93.0,92.0,79.0,98.0,90.0,88.88888888888889,90.0,90.0,81.11111111111111,83.0,90.0,81.0,93.0,92.0,97.0,86.0,82.0,89.0,93.0,83.33333333333334,86.0,86.0,97.0,72.5,87.5,89.16666666666667,95.0,84.0,86.66666666666666,76.0,98.8888888888889,80.0,78.66666666666666,94.66666666666666,87.66666666666666,95.0,90.0,78.66666666666666,88.0,92.66666666666666,93.33333333333334,88.33333333333334
60,61,B20,B,M,87.77777777777779,100.0,93.0,87.77777777777779,88.0,90.0,77.0,97.0,93.0,85.55555555555556,98.0,91.0,81.11111111111111,95.0,89.0,79.0,92.0,90.0,80.0,96.0,91.0,85.55555555555556,90.0,86.0,80.0,95.0,82.0,96.0,87.0,93.0,87.0,87.0,83.33333333333334,90.0,84.0,91.0,78.33333333333334,86.66666666666667,93.33333333333334,95.0,79.33333333333333,98.66666666666666,82.66666666666666,90.0,93.33333333333334,78.0,96.0,92.33333333333333,97.0,93.0,80.0,97.33333333333333,91.66666666666666,96.66666666666667,95.0
61,62,B21,B,M,91.11111111111111,100.0,86.0,93.33333333333334,93.0,97.0,88.0,97.0,97.0,92.22222222222223,100.0,96.0,97.77777777777779,95.0,98.0,89.0,100.0,97.0,93.33333333333334,87.0,98.0,95.55555555555556,92.0,97.0,87.0,100.0,95.0,98.0,89.0,96.0,96.0,95.0,93.33333333333334,94.0,98.0,95.0,87.5,95.0,97.08333333333334,94.0,84.66666666666666,89.33333333333333,96.66666666666666,98.8888888888889,98.33333333333334,82.66666666666666,96.0,97.0,95.0,97.0,82.0,92.66666666666666,95.33333333333333,98.8888888888889,95.0
62,63,B22,B,M,86.66666666666667,92.0,88.0,87.77777777777779,85.0,88.0,79.0,92.0,90.0,74.44444444444444,89.0,87.0,90.0,96.0,89.0,73.0,91.0,90.5,87.77777777777779,84.0,87.0,82.22222222222223,79.0,84.0,72.0,72.0,81.0,86.0,84.0,66.0,81.0,74.0,82.22222222222223,80.0,84.0,82.0,78.33333333333334,83.33333333333334,84.58333333333334,90.0,76.66666666666666,79.33333333333333,80.66666666666666,76.66666666666667,76.66666666666667,76.66666666666666,78.66666666666666,89.33333333333333,83.0,77.0,82.0,80.66666666666666,86.33333333333333,83.33333333333334,63.333333333333336
63,64,B23,B,M,90.0,98.0,95.0,94.44444444444444,93.0,98.0,91.0,96.0,100.0,95.55555555555556,95.0,98.0,95.55555555555556,93.0,96.0,92.0,100.0,97.5,88.88888888888889,95.0,92.0,96.66666666666667,94.0,95.0,87.0,98.0,92.0,98.0,91.0,94.0,96.0,97.0,95.55555555555556,91.0,97.0,93.0,85.83333333333334,91.66666666666667,95.41666666666667,97.0,85.33333333333333,93.33333333333333,94.66666666666666,95.55555555555556,93.33333333333334,88.66666666666666,94.0,95.33333333333333,96.0,90.0,85.33333333333333,91.33333333333333,88.66666666666666,96.66666666666667,88.33333333333334
64,65,B24,B,M,85.55555555555556,98.0,93.0,91.11111111111111,97.0,93.0,83.0,94.0,96.0,95.55555555555556,92.0,98.0,96.66666666666667,88.0,93.0,85.0,99.0,95.5,95.55555555555556,93.0,94.0,86.66666666666667,83.0,97.0,90.0,95.0,94.0,98.0,87.0,84.0,94.0,93.0,93.33333333333334,91.0,93.0,97.0,85.83333333333334,90.83333333333334,96.25,100.0,82.0,92.66666666666666,88.0,90.0,95.0,86.66666666666666,85.33333333333333,93.0,98.0,97.0,85.33333333333333,92.0,93.33333333333333,96.66666666666667,93.33333333333334
65,66,B25,B,M,90.0,98.0,92.0,95.55555555555556,91.0,92.0,83.0,93.0,90.0,93.33333333333334,91.0,96.0,94.44444444444444,93.0,93.0,84.0,94.0,94.5,88.88888888888889,93.0,96.0,86.66666666666667,80.0,92.0,87.0,90.0,92.0,92.0,90.0,85.0,95.0,88.0,92.22222222222223,89.0,93.0,87.0,80.83333333333334,86.66666666666667,94.16666666666667,97.0,83.33333333333333,90.66666666666666,88.66666666666666,84.44444444444444,91.66666666666667,84.0,93.33333333333333,90.33333333333333,89.0,92.0,83.33333333333333,89.33333333333333,95.0,95.55555555555556,91.66666666666667
66,67,B26,B,M,88.88888888888889,93.0,91.0,83.33333333333334,90.0,86.0,88.0,94.0,91.0,81.11111111111111,90.0,89.0,83.33333333333334,92.0,94.0,83.0,97.0,89.5,86.66666666666667,88.0,95.0,94.44444444444444,93.0,94.0,85.0,97.0,94.0,100.0,87.0,96.0,95.0,89.0,87.77777777777779,89.0,95.0,96.0,73.33333333333334,95.83333333333334,97.5,98.0,81.33333333333333,88.0,89.33333333333333,91.11111111111111,91.66666666666667,81.33333333333333,99.33333333333333,93.0,92.0,92.0,78.66666666666666,93.33333333333333,96.0,91.11111111111111,83.33333333333334
67,68,B27,B,M,88.88888888888889,99.0,88.0,90.0,93.0,91.0,82.0,96.0,86.0,91.11111111111111,94.0,92.0,88.88888888888889,91.0,88.0,82.0,97.0,91.5,90.0,91.0,91.0,90.0,84.0,91.0,85.0,86.0,86.0,92.0,83.0,84.0,90.0,80.0,80.0,85.0,89.0,89.0,79.16666666666667,84.16666666666667,88.33333333333334,90.0,85.33333333333333,80.0,78.66666666666666,78.88888888888889,76.66666666666667,76.0,88.66666666666666,89.0,94.0,82.0,75.33333333333333,76.0,88.0,94.44444444444444,70.0
68,69,B28,B,M,86.66666666666667,100.0,91.0,88.88888888888889,97.0,97.0,83.0,98.0,92.0,90.0,97.0,95.0,88.88888888888889,93.0,95.0,83.0,100.0,94.5,90.0,93.0,94.0,83.33333333333334,88.0,93.0,79.0,90.0,86.0,93.0,90.0,84.0,91.0,91.0,92.22222222222223,87.0,89.0,97.0,76.66666666666667,87.5,90.0,93.0,78.0,95.33333333333333,88.66666666666666,94.44444444444444,88.33333333333334,80.66666666666666,92.0,87.66666666666666,95.0,82.0,78.66666666666666,85.33333333333333,91.33333333333333,90.0,83.33333333333334
69,70,B29,B,M,85.55555555555556,100.0,89.0,88.88888888888889,99.0,94.0,82.0,97.0,91.0,90.0,98.0,97.0,93.33333333333334,95.0,92.0,78.0,96.0,93.5,88.88888888888889,94.0,93.0,83.33333333333334,81.0,96.0,83.0,95.0,89.0,97.0,89.0,88.0,97.0,93.0,93.33333333333334,76.0,91.0,96.0,77.5,96.66666666666667,90.0,97.0,82.0,89.33333333333333,82.0,91.11111111111111,88.33333333333334,77.33333333333333,82.0,85.66666666666666,84.0,92.0,74.66666666666666,75.33333333333333,93.66666666666666,88.88888888888889,80.0
70,71,B30,B,M,92.22222222222223,100.0,87.0,94.44444444444444,96.0,87.0,74.0,92.0,88.0,88.88888888888889,93.0,87.0,91.11111111111111,93.0,80.0,80.0,97.0,85.5,81.11111111111111,94.0,85.0,81.11111111111111,98.0,86.0,79.0,91.0,75.0,96.0,87.0,89.0,74.0,88.0,82.22222222222223,89.0,77.0,91.0,80.83333333333334,95.0,75.0,96.0,74.66666666666666,90.0,76.0,93.33333333333334,95.0,78.66666666666666,90.66666666666666,82.0,93.0,94.0,78.66666666666666,91.33333333333333,81.33333333333333,92.22222222222223,90.0
71,72,B31,B,M,81.11111111111111,97.0,90.0,86.66666666666667,93.0,91.0,73.0,93.0,93.0,88.88888888888889,95.0,92.0,83.33333333333334,95.0,86.0,80.0,93.0,95.5,86.66666666666667,93.0,88.0,84.44444444444444,83.0,93.0,81.0,92.0,88.0,94.0,89.0,88.0,95.0,88.0,84.44444444444444,85.0,95.0,90.0,76.66666666666667,82.5,93.33333333333334,93.0,83.33333333333333,85.33333333333333,87.33333333333333,90.0,88.33333333333334,83.33333333333333,90.66666666666666,94.0,94.0,93.0,74.66666666666666,86.0,95.33333333333333,96.66666666666667,78.33333333333334
72,73,B32,B,M,80.0,86.0,73.0,87.77777777777779,89.0,79.0,76.0,90.0,79.0,70.0,87.0,80.0,66.66666666666667,91.0,70.0,76.0,93.0,75.5,75.55555555555556,86.0,62.0,81.11111111111111,77.0,76.0,75.0,91.0,68.0,84.0,81.0,85.0,79.0,78.0,82.22222222222223,74.0,74.0,81.0,54.16666666666667,91.66666666666667,78.75,90.0,77.33333333333333,92.66666666666666,68.66666666666666,83.33333333333334,81.66666666666667,74.0,92.0,70.66666666666666,87.0,86.0,72.0,85.33333333333333,79.66666666666666,85.55555555555556,86.66666666666667
73,74,B33,B,M,86.66666666666667,93.0,81.0,90.0,94.0,82.0,83.0,85.0,87.0,86.66666666666667,94.0,94.0,81.11111111111111,88.0,77.0,80.0,81.0,84.0,80.0,91.0,92.0,88.88888888888889,86.0,88.0,80.0,93.0,80.0,96.0,87.0,84.0,77.0,84.0,86.66666666666667,78.0,75.0,93.0,75.83333333333334,88.33333333333334,90.0,95.0,77.33333333333333,84.66666666666666,74.0,88.88888888888889,71.66666666666667,82.0,85.33333333333333,86.66666666666666,85.0,89.0,80.0,84.66666666666666,89.33333333333333,90.0,90.0
74,75,B34,B,M,84.44444444444444,84.0,83.0,82.22222222222223,84.0,91.0,76.0,81.0,81.0,80.0,82.0,85.0,90.0,83.0,81.0,68.0,76.0,85.0,86.66666666666667,83.0,85.0,82.22222222222223,81.0,82.0,77.0,92.0,84.0,80.0,79.0,70.0,87.0,74.0,81.11111111111111,73.0,87.0,81.0,72.5,79.16666666666667,90.83333333333334,84.0,80.0,78.66666666666666,85.33333333333333,80.0,76.66666666666667,80.66666666666666,83.33333333333333,89.33333333333333,77.0,82.0,76.66666666666666,77.33333333333333,84.33333333333333,86.66666666666667,71.66666666666667
83,84,C01,C,F,88.88888888888889,92.0,93.0,90.0,90.0,89.0,72.0,86.0,94.0,78.88888888888889,93.0,94.0,84.44444444444444,90.0,89.0,75.0,92.0,87.0,90.0,88.0,89.0,85.55555555555556,86.0,88.0,79.0,84.0,87.0,96.0,84.0,92.0,94.0,90.0,86.66666666666667,90.0,91.0,90.0,76.66666666666667,92.5,95.41666666666667,94.0,75.33333333333333,85.33333333333333,86.0,88.88888888888889,85.0,72.66666666666666,90.0,89.33333333333333,86.0,85.0,76.66666666666666,88.0,89.33333333333333,85.55555555555556,80.0
84,85,C02,C,F,86.66666666666667,100.0,94.0,91.11111111111111,94.0,100.0,78.0,100.0,97.0,92.22222222222223,95.0,97.0,92.22222222222223,100.0,97.0,85.0,97.0,97.0,85.55555555555556,96.0,97.0,90.0,97.0,97.0,84.0,100.0,95.0,99.0,84.0,97.0,99.0,98.0,85.55555555555556,94.0,93.0,98.0,77.5,91.66666666666667,95.83333333333334,96.0,87.33333333333333,96.0,92.0,96.66666666666667,95.0,79.33333333333333,100.0,94.33333333333333,91.0,96.0,81.33333333333333,94.66666666666666,94.66666666666666,100.0,95.0
85,86,C03,C,F,85.55555555555556,92.0,92.0,88.88888888888889,92.0,95.0,84.0,88.0,92.0,83.33333333333334,83.0,93.0,90.0,92.0,96.0,83.0,86.0,95.5,87.77777777777779,96.0,92.0,84.44444444444444,86.0,92.0,86.0,89.0,93.0,94.0,83.0,75.0,93.0,82.0,85.55555555555556,85.0,92.0,84.0,73.33333333333334,94.16666666666667,95.41666666666667,95.0,85.33333333333333,91.33333333333333,78.0,78.88888888888889,70.0,81.33333333333333,88.66666666666666,89.0,78.0,78.0,75.33333333333333,90.66666666666666,91.66666666666666,92.22222222222223,85.0
86,87,C04,C,F,87.77777777777779,80.0,91.0,83.33333333333334,100.0,87.0,82.0,97.0,86.0,92.22222222222223,93.0,93.0,84.44444444444444,93.0,94.0,75.0,91.0,91.0,90.0,94.0,92.0,83.33333333333334,91.0,90.0,82.0,96.0,85.0,92.0,87.0,86.0,92.0,77.0,85.55555555555556,77.0,88.0,89.0,74.16666666666667,97.5,85.41666666666667,96.0,86.0,90.0,73.33333333333333,82.22222222222223,80.0,77.33333333333333,92.66666666666666,87.66666666666666,89.0,83.0,78.66666666666666,90.0,86.0,93.33333333333334,83.33333333333334
87,88,C05,C,F,87.77777777777779,95.0,94.0,90.0,99.0,97.0,81.0,97.0,93.0,90.0,98.0,100.0,91.11111111111111,90.0,90.0,85.0,98.0,95.5,86.66666666666667,96.0,97.0,91.11111111111111,95.0,96.0,81.0,95.0,87.0,93.0,85.0,90.0,98.0,98.0,78.88888888888889,90.0,93.0,91.0,76.66666666666667,94.16666666666667,93.75,98.0,84.0,90.66666666666666,84.0,86.66666666666667,81.66666666666667,82.0,91.33333333333333,94.66666666666666,89.0,90.0,82.0,86.0,94.0,96.66666666666667,90.0
88,89,C06,C,F,87.77777777777779,95.0,97.0,94.44444444444444,97.0,100.0,85.0,94.0,98.0,88.88888888888889,94.0,99.0,93.33333333333334,94.0,97.0,83.0,94.0,96.0,75.55555555555556,96.0,96.0,91.11111111111111,88.0,98.0,83.0,97.0,88.0,92.0,79.0,96.0,100.0,90.0,87.77777777777779,89.0,97.0,96.0,78.33333333333334,90.83333333333334,93.75,98.0,84.66666666666666,94.66666666666666,87.33333333333333,87.77777777777779,83.33333333333334,81.33333333333333,94.66666666666666,92.66666666666666,89.0,89.0,80.0,91.33333333333333,95.66666666666666,95.55555555555556,88.33333333333334
89,90,C07,C,F,94.44444444444444,95.0,94.0,93.33333333333334,88.0,98.0,80.0,96.0,95.0,91.11111111111111,89.0,94.0,94.44444444444444,95.0,89.0,84.0,92.0,95.0,93.33333333333334,91.0,93.0,87.77777777777779,93.0,97.0,87.0,92.0,82.0,96.0,86.0,85.0,92.0,90.0,91.11111111111111,87.0,92.0,93.0,77.5,90.0,95.83333333333334,96.0,84.0,83.33333333333333,85.33333333333333,82.22222222222223,91.66666666666667,80.66666666666666,90.0,96.33333333333333,91.0,96.0,83.33333333333333,90.66666666666666,92.0,94.44444444444444,93.33333333333334
90,91,C08,C,F,76.66666666666667,97.0,90.0,93.33333333333334,88.0,91.0,84.0,93.0,90.0,86.66666666666667,87.0,92.0,82.22222222222223,96.0,90.0,79.0,86.0,91.5,92.22222222222223,90.0,90.0,88.88888888888889,94.0,93.0,80.0,87.0,91.0,94.0,81.0,98.0,95.0,92.0,78.88888888888889,90.0,90.0,92.0,76.66666666666667,92.5,96.66666666666667,97.0,80.66666666666666,96.66666666666666,90.66666666666666,83.33333333333334,83.33333333333334,76.0,92.0,93.66666666666666,86.0,95.0,85.33333333333333,86.66666666666666,95.33333333333333,95.55555555555556,95.0
91,92,C09,C,F,77.77777777777779,82.0,82.0,74.44444444444444,80.0,82.0,75.0,85.0,84.0,80.0,96.0,79.0,74.44444444444444,90.0,73.0,70.0,95.0,83.5,81.11111111111111,81.0,91.0,82.22222222222223,87.0,87.0,81.0,88.0,82.0,87.0,79.0,84.0,88.0,79.0,81.11111111111111,79.0,84.0,82.0,70.83333333333334,89.16666666666667,84.58333333333334,95.0,79.33333333333333,90.0,76.66666666666666,81.11111111111111,85.0,72.0,85.33333333333333,85.0,93.0,88.0,68.0,81.33333333333333,91.0,95.55555555555556,86.66666666666667
92,93,C10,C,F,87.77777777777779,81.0,89.0,85.55555555555556,85.0,83.0,78.0,81.0,89.0,87.77777777777779,94.0,90.0,83.33333333333334,89.0,86.0,80.0,98.0,92.0,82.22222222222223,85.0,87.0,81.11111111111111,88.0,89.0,84.0,93.0,85.0,94.0,84.0,83.0,79.0,87.0,80.0,88.0,85.0,90.0,72.5,81.66666666666667,89.16666666666667,98.0,81.33333333333333,85.33333333333333,77.33333333333333,80.0,80.0,84.0,88.66666666666666,88.0,90.0,87.0,73.33333333333333,86.0,89.33333333333333,87.77777777777779,85.0
93,94,C11,C,F,85.55555555555556,87.0,85.0,80.0,79.0,88.0,79.0,87.0,87.0,83.33333333333334,87.0,90.0,83.33333333333334,77.0,87.0,72.0,79.0,81.5,86.66666666666667,88.0,85.0,76.66666666666667,80.0,83.0,73.0,91.0,84.0,89.0,78.0,71.0,77.0,75.0,86.66666666666667,77.0,84.0,83.0,72.5,85.0,82.08333333333334,94.0,77.33333333333333,78.0,78.0,75.55555555555556,73.33333333333334,81.33333333333333,88.66666666666666,86.33333333333333,80.0,84.0,82.0,72.66666666666666,90.66666666666666,87.77777777777779,88.33333333333334
94,95,C12,C,F,86.66666666666667,93.0,92.0,90.0,87.0,95.0,87.0,87.0,95.0,90.0,92.0,92.0,93.33333333333334,95.0,93.0,78.0,87.0,95.5,90.0,94.0,92.0,95.55555555555556,90.0,91.0,85.0,97.0,86.0,92.0,90.0,84.0,92.0,88.0,80.0,88.0,92.0,100.0,81.66666666666667,92.5,92.08333333333334,99.0,88.66666666666666,92.0,85.33333333333333,86.66666666666667,80.0,78.0,86.0,96.0,90.0,86.0,79.33333333333333,81.33333333333333,93.0,94.44444444444444,83.33333333333334
95,96,C13,C,F,82.22222222222223,84.0,83.0,82.22222222222223,75.0,87.0,81.0,83.0,86.0,83.33333333333334,97.0,93.0,74.44444444444444,86.0,76.0,81.0,86.0,84.0,82.22222222222223,93.0,79.0,76.66666666666667,80.0,85.0,72.0,90.0,78.0,80.0,77.0,69.0,68.0,74.0,75.55555555555556,73.0,70.0,71.0,70.0,70.0,84.58333333333334,93.0,77.33333333333333,71.33333333333333,74.66666666666666,73.33333333333334,63.333333333333336,74.0,83.33333333333333,84.66666666666666,68.0,75.0,80.0,80.66666666666666,86.0,76.66666666666667,73.33333333333334
96,97,C14,C,F,88.88888888888889,82.0,87.0,78.88888888888889,80.0,86.0,74.0,84.0,83.0,87.77777777777779,76.0,90.0,85.55555555555556,81.0,82.0,77.0,77.0,94.0,82.22222222222223,90.0,95.0,75.55555555555556,80.0,94.0,83.0,81.0,87.0,89.0,77.0,76.0,94.0,83.0,85.55555555555556,73.0,87.0,80.0,76.66666666666667,75.83333333333334,98.33333333333334,94.0,80.0,90.66666666666666,85.33333333333333,83.33333333333334,78.33333333333334,81.33333333333333,88.66666666666666,89.66666666666666,80.0,85.0,80.66666666666666,87.33333333333333,89.33333333333333,92.22222222222223,86.66666666666667
97,98,C15,C,M,84.44444444444444,100.0,90.0,88.88888888888889,96.0,92.0,79.0,90.0,86.0,94.44444444444444,100.0,98.0,91.11111111111111,100.0,84.0,77.0,100.0,93.5,86.66666666666667,95.0,96.0,86.66666666666667,93.0,92.0,85.0,100.0,88.0,97.0,84.0,97.0,91.0,98.0,85.55555555555556,95.0,91.0,96.0,79.16666666666667,100.0,92.5,96.0,83.33333333333333,100.0,90.66666666666666,94.44444444444444,93.33333333333334,83.33333333333333,97.33333333333333,94.33333333333333,94.0,98.0,80.0,99.33333333333333,94.0,97.77777777777779,95.0
98,99,C16,C,M,93.33333333333334,100.0,87.0,92.22222222222223,94.0,92.0,77.0,94.0,91.0,92.22222222222223,98.0,96.0,91.11111111111111,97.0,95.0,87.0,96.0,91.0,83.33333333333334,95.0,96.0,90.0,100.0,94.0,80.0,91.0,93.0,98.0,84.0,98.0,95.0,96.0,86.66666666666667,96.0,92.0,94.0,77.5,94.16666666666667,93.75,97.0,82.0,97.33333333333333,83.33333333333333,92.22222222222223,98.33333333333334,83.33333333333333,94.0,94.0,89.0,97.0,78.0,93.33333333333333,94.66666666666666,97.77777777777779,93.33333333333334
99,100,C17,C,M,81.11111111111111,95.0,87.0,87.77777777777779,86.0,85.0,71.0,85.0,86.0,85.55555555555556,96.0,90.0,92.22222222222223,90.0,82.0,78.0,98.0,90.5,86.66666666666667,88.0,91.0,87.77777777777779,90.0,90.0,89.0,91.0,88.0,96.0,82.0,90.0,91.0,91.0,77.77777777777779,91.0,80.0,97.0,70.0,89.16666666666667,85.41666666666667,100.0,82.66666666666666,96.66666666666666,79.33333333333333,95.55555555555556,98.33333333333334,82.0,97.33333333333333,86.66666666666666,90.0,90.0,76.66666666666666,88.66666666666666,88.66666666666666,88.88888888888889,95.0
100,101,C18,C,M,82.22222222222223,95.0,97.0,92.22222222222223,94.0,96.0,77.0,90.0,95.0,96.66666666666667,98.0,95.0,93.33333333333334,98.0,98.0,88.0,94.0,94.0,90.0,93.0,95.0,95.55555555555556,91.0,95.0,82.0,94.0,93.0,95.0,85.0,98.0,99.0,94.0,86.66666666666667,93.0,90.0,99.0,78.33333333333334,88.33333333333334,94.58333333333334,99.0,78.66666666666666,86.66666666666666,90.0,97.77777777777779,93.33333333333334,82.66666666666666,95.33333333333333,91.66666666666666,91.0,96.0,82.0,97.33333333333333,95.33333333333333,96.66666666666667,93.33333333333334
101,102,C19,C,M,93.33333333333334,84.0,93.0,91.11111111111111,84.0,94.0,81.0,90.0,96.0,82.22222222222223,94.0,96.0,90.0,92.0,90.0,85.0,88.0,94.5,86.66666666666667,90.0,92.0,81.11111111111111,76.0,92.0,68.0,81.0,87.0,91.0,85.0,86.0,91.0,77.0,83.33333333333334,81.0,85.0,82.0,75.0,81.66666666666667,91.66666666666667,94.0,79.33333333333333,79.33333333333333,84.66666666666666,77.77777777777779,58.333333333333336,78.0,82.0,91.66666666666666,79.0,79.0,76.66666666666666,76.66666666666666,90.0,87.77777777777779,81.66666666666667
102,103,C20,C,M,78.88888888888889,93.0,95.0,91.11111111111111,95.0,93.0,73.0,90.0,91.0,83.33333333333334,98.0,96.0,87.77777777777779,94.0,91.0,84.0,95.0,94.0,84.44444444444444,91.0,96.0,82.22222222222223,94.0,93.0,87.0,93.0,93.0,93.0,84.0,96.0,93.0,87.0,86.66666666666667,88.0,92.0,96.0,80.83333333333334,95.83333333333334,96.25,97.0,81.33333333333333,95.33333333333333,84.0,94.44444444444444,95.0,88.0,96.66666666666666,92.0,89.0,97.0,80.66666666666666,96.66666666666666,94.66666666666666,98.8888888888889,95.0
103,104,C21,C,M,86.66666666666667,71.0,94.0,88.88888888888889,88.0,89.0,77.0,83.0,93.0,78.88888888888889,78.0,94.0,82.22222222222223,82.0,87.0,78.0,75.0,86.5,90.0,81.0,95.0,78.88888888888889,76.0,93.0,70.0,83.0,84.0,84.0,84.0,79.0,89.0,77.0,81.11111111111111,82.0,91.0,82.0,73.33333333333334,91.66666666666667,88.75,89.0,80.0,82.0,79.33333333333333,78.88888888888889,55.0,78.66666666666666,88.0,90.0,68.0,69.0,76.66666666666666,82.0,89.66666666666666,80.0,75.0
104,105,C22,C,M,87.77777777777779,92.0,89.0,91.11111111111111,99.0,93.0,81.0,88.0,83.0,83.33333333333334,90.0,89.0,87.77777777777779,87.0,90.0,84.0,91.0,94.5,91.11111111111111,92.0,89.0,84.44444444444444,82.0,93.0,81.0,95.0,85.0,89.0,81.0,87.0,90.0,89.0,83.33333333333334,86.0,89.0,97.0,80.83333333333334,95.0,93.33333333333334,96.0,82.66666666666666,93.33333333333333,82.66666666666666,82.22222222222223,83.33333333333334,78.0,95.33333333333333,87.66666666666666,86.0,93.0,79.33333333333333,88.66666666666666,91.0,94.44444444444444,95.0
107,108,C25,C,M,87.77777777777779,92.0,91.0,85.55555555555556,88.0,94.0,83.0,96.0,96.0,92.22222222222223,95.0,92.0,88.88888888888889,95.0,98.0,69.0,96.0,97.5,90.0,91.0,97.0,84.44444444444444,86.0,95.0,84.0,100.0,94.0,94.0,84.0,97.0,98.0,96.0,81.11111111111111,95.0,94.0,98.0,74.16666666666667,94.16666666666667,96.66666666666667,99.0,84.0,97.33333333333333,85.33333333333333,96.66666666666667,93.33333333333334,80.0,98.66666666666666,90.66666666666666,98.0,94.0,84.66666666666666,93.33333333333333,95.66666666666666,97.77777777777779,90.0
108,109,C26,C,M,87.77777777777779,88.0,88.0,90.0,93.0,92.0,87.0,98.0,99.0,92.22222222222223,97.0,94.0,94.44444444444444,96.0,93.0,85.0,95.0,96.0,91.11111111111111,92.0,95.0,90.0,89.0,92.0,83.0,87.0,90.0,92.0,82.0,84.0,98.0,84.0,90.0,93.0,93.0,97.0,75.0,90.0,92.08333333333334,92.0,78.66666666666666,95.33333333333333,86.0,84.44444444444444,88.33333333333334,78.0,92.0,93.33333333333333,97.0,96.0,80.0,95.33333333333333,91.66666666666666,96.66666666666667,88.33333333333334
109,110,C27,C,M,96.66666666666667,100.0,87.0,90.0,93.0,87.0,73.0,92.0,86.0,84.44444444444444,79.0,86.0,85.55555555555556,96.0,87.0,82.0,96.0,90.0,83.33333333333334,88.0,86.0,85.55555555555556,82.0,88.0,88.0,88.0,84.0,92.0,83.0,84.0,84.0,88.0,73.33333333333334,82.0,81.0,97.0,81.66666666666667,93.33333333333334,88.75,94.0,80.66666666666666,85.33333333333333,77.33333333333333,82.22222222222223,93.33333333333334,82.66666666666666,88.66666666666666,89.66666666666666,86.0,93.0,76.0,91.33333333333333,90.0,90.0,90.0
110,111,C28,C,M,91.11111111111111,80.0,83.0,80.0,82.0,84.0,77.0,87.5,86.0,78.88888888888889,82.0,83.0,72.22222222222223,86.0,75.0,68.0,83.0,81.5,84.44444444444444,80.0,78.0,65.55555555555556,74.0,81.0,69.0,89.0,75.0,77.0,72.0,73.0,82.0,79.0,58.88888888888889,54.0,68.0,76.0,63.333333333333336,65.83333333333334,82.08333333333334,89.0,74.0,67.33333333333333,70.0,83.33333333333334,53.333333333333336,70.0,76.66666666666666,77.0,78.0,77.0,54.666666666666664,66.66666666666666,79.33333333333333,68.88888888888889,60.0
111,112,C29,C,M,77.77777777777779,84.0,91.0,78.88888888888889,82.0,82.0,73.0,90.0,87.0,82.22222222222223,68.0,88.0,82.22222222222223,80.0,83.0,66.0,89.0,89.0,81.11111111111111,90.0,87.0,80.0,69.0,80.0,82.0,86.0,86.0,83.0,77.0,86.0,89.0,83.0,77.77777777777779,84.0,79.0,76.0,74.16666666666667,86.66666666666667,90.83333333333334,95.0,72.0,87.33333333333333,85.33333333333333,83.33333333333334,75.0,76.0,87.33333333333333,85.66666666666666,90.0,91.0,80.0,84.66666666666666,90.0,90.0,91.66666666666667
112,113,C30,C,M,83.33333333333334,80.0,88.0,82.22222222222223,83.0,87.0,67.0,87.0,81.0,82.22222222222223,69.0,85.0,87.77777777777779,87.0,80.0,81.0,83.0,91.0,83.33333333333334,76.0,85.0,76.66666666666667,79.0,88.0,82.0,81.0,83.0,92.0,80.0,83.0,89.0,79.0,82.22222222222223,85.0,82.0,82.0,75.0,76.66666666666667,89.16666666666667,90.0,79.33333333333333,85.33333333333333,80.0,91.11111111111111,75.0,80.66666666666666,93.33333333333333,88.66666666666666,89.0,83.0,76.66666666666666,94.66666666666666,91.66666666666666,85.55555555555556,88.33333333333334
113,114,C31,C,M,93.33333333333334,84.0,86.0,84.44444444444444,79.0,88.0,75.0,91.0,75.0,80.0,80.0,93.0,77.77777777777779,89.0,75.0,70.0,83.0,85.0,85.55555555555556,88.0,83.0,66.66666666666667,78.0,84.0,70.0,85.0,74.0,80.0,71.0,76.0,85.0,77.0,74.44444444444444,81.0,73.0,69.0,65.0,84.16666666666667,86.25,89.0,70.66666666666666,76.0,62.666666666666664,73.33333333333334,68.33333333333334,76.0,74.66666666666666,73.0,79.0,74.0,55.33333333333333,83.33333333333333,83.33333333333333,81.11111111111111,65.0
114,115,C32,C,M,87.77777777777779,83.0,83.0,86.66666666666667,79.0,93.0,66.0,88.0,91.0,83.33333333333334,84.0,94.0,77.77777777777779,85.0,91.0,80.0,87.0,96.5,83.33333333333334,90.0,94.0,82.22222222222223,83.0,95.0,81.0,84.0,88.0,86.0,78.0,70.0,94.0,73.0,72.22222222222223,77.0,82.0,68.0,65.83333333333334,82.5,91.25,84.0,80.66666666666666,68.66666666666666,82.0,74.44444444444444,75.0,69.33333333333333,75.33333333333333,88.0,72.0,85.0,65.33333333333333,72.0,89.33333333333333,81.11111111111111,76.66666666666667
115,116,C33,C,M,75.55555555555556,86.0,88.0,67.77777777777779,93.0,87.0,77.0,88.0,89.0,80.0,85.0,85.0,85.55555555555556,91.0,94.0,82.0,90.0,96.0,73.33333333333334,89.0,91.0,75.55555555555556,76.0,88.0,79.0,90.0,90.0,90.0,84.0,92.0,92.0,89.0,82.22222222222223,80.0,84.0,82.0,76.66666666666667,95.83333333333334,97.08333333333334,96.0,79.33333333333333,85.33333333333333,85.33333333333333,85.55555555555556,80.0,79.33333333333333,89.33333333333333,93.66666666666666,96.0,90.0,74.0,85.33333333333333,90.66666666666666,95.55555555555556,90.0
116,117,C34,C,F,87.77777777777779,86.0,91.0,96.66666666666667,85.0,95.0,83.0,93.0,90.0,82.22222222222223,91.0,97.0,95.55555555555556,91.0,89.0,86.0,92.0,91.5,88.88888888888889,92.0,90.0,92.22222222222223,87.0,94.0,83.0,88.0,83.0,97.0,83.0,84.0,92.0,86.0,83.33333333333334,86.0,93.0,89.0,77.5,85.0,92.08333333333334,97.0,84.0,94.66666666666666,84.66666666666666,88.88888888888889,75.0,86.0,92.0,89.0,94.0,84.0,80.66666666666666,84.0,86.33333333333333,95.55555555555556,86.66666666666667
117,118,C35,C,F,74.44444444444444,73.0,77.0,76.66666666666667,81.0,74.0,66.0,72.0,62.0,71.11111111111111,81.0,70.0,82.22222222222223,78.0,68.0,65.0,80.0,66.0,78.88888888888889,80.0,73.0,77.77777777777779,68.0,69.0,76.0,80.0,62.0,82.0,71.0,72.0,66.0,73.0,66.66666666666667,79.0,63.0,77.0,64.16666666666667,78.33333333333334,70.0,86.0,68.0,63.33333333333333,59.33333333333333,74.44444444444444,61.66666666666667,70.0,82.0,62.0,72.0,72.0,63.33333333333333,75.33333333333333,80.0,82.22222222222223,76.66666666666667
118,119,C36,C,F,80.0,68.0,78.0,77.77777777777779,68.0,75.0,74.0,74.0,68.0,80.0,88.0,82.0,81.11111111111111,90.0,63.0,77.0,76.0,70.5,75.55555555555556,78.0,78.0,76.66666666666667,83.0,68.0,71.0,70.0,73.0,74.0,77.0,70.0,61.0,66.0,66.66666666666667,73.0,70.0,46.0,65.83333333333334,67.5,71.66666666666667,69.0,70.0,70.66666666666666,53.33333333333333,63.333333333333336,55.0,79.0,87.33333333333333,86.83333333333333,83.0,86.0,70.66666666666666,69.33333333333333,74.0,62.22222222222223,61.66666666666667
119,120,C37,C,F,83.33333333333334,86.0,85.0,85.55555555555556,86.0,85.0,93.0,100.0,91.0,92.22222222222223,97.0,95.0,94.44444444444444,96.0,92.0,79.0,96.0,95.0,88.88888888888889,82.0,92.0,88.88888888888889,94.0,94.0,84.0,91.0,93.0,92.0,87.0,86.0,91.0,83.0,87.77777777777779,88.0,92.0,86.0,74.16666666666667,89.16666666666667,94.16666666666667,93.0,80.0,88.66666666666666,82.0,92.22222222222223,91.66666666666667,80.0,88.0,94.66666666666666,91.0,91.0,82.66666666666666,84.66666666666666,96.0,92.22222222222223,91.66666666666667
120,121,D01,D,F,83.33333333333334,85.0,85.0,88.88888888888889,98.0,82.0,83.0,94.0,89.0,88.88888888888889,97.0,92.0,87.77777777777779,97.0,88.0,83.0,98.0,92.5,85.55555555555556,93.0,90.0,80.0,97.0,90.0,75.0,95.0,86.0,100.0,85.0,93.0,94.0,90.0,83.33333333333334,85.0,86.0,87.0,80.83333333333334,93.33333333333334,97.91666666666667,94.0,84.66666666666666,90.66666666666666,91.33333333333333,96.66666666666667,90.0,84.0,90.66666666666666,93.33333333333333,93.0,97.0,80.0,91.33333333333333,96.33333333333333,95.55555555555556,86.66666666666667
121,122,D02,D,F,76.66666666666667,95.0,62.0,85.55555555555556,93.0,70.0,63.0,80.0,70.0,81.11111111111111,92.0,71.0,80.0,92.0,55.0,68.0,92.0,55.5,83.33333333333334,84.0,51.0,76.66666666666667,88.0,56.0,68.0,91.0,52.0,86.0,83.0,80.0,48.0,70.0,86.66666666666667,87.0,51.0,75.0,73.33333333333334,85.83333333333334,45.0,86.0,74.0,66.66666666666666,61.33333333333333,80.0,80.0,82.66666666666666,91.33333333333333,66.0,60.0,84.0,78.66666666666666,81.33333333333333,68.66666666666666,73.33333333333334,78.33333333333334
122,123,D03,D,F,87.77777777777779,95.0,90.0,90.0,92.0,91.0,78.0,90.0,96.0,86.66666666666667,93.0,90.0,87.77777777777779,89.0,88.0,76.0,87.0,89.0,81.11111111111111,87.0,90.0,82.22222222222223,73.0,88.0,90.0,84.0,79.0,96.0,86.0,75.0,90.0,90.0,88.88888888888889,75.0,89.0,70.0,71.66666666666667,75.83333333333334,80.0,88.0,83.33333333333333,62.0,78.66666666666666,81.11111111111111,76.66666666666667,79.33333333333333,79.33333333333333,86.33333333333333,70.0,86.0,75.33333333333333,70.66666666666666,93.66666666666666,82.22222222222223,80.0
123,124,D04,D,F,87.77777777777779,98.0,92.0,90.0,88.0,95.0,81.0,91.0,94.0,90.0,93.0,92.0,91.11111111111111,96.0,90.0,81.0,90.0,96.0,85.55555555555556,90.0,94.0,85.55555555555556,90.0,91.0,88.0,97.0,85.0,91.0,83.0,86.0,92.0,90.0,83.33333333333334,82.0,91.0,86.0,75.83333333333334,93.33333333333334,94.16666666666667,97.0,80.0,77.33333333333333,84.0,83.33333333333334,93.33333333333334,83.33333333333333,90.66666666666666,93.66666666666666,89.0,89.0,78.66666666666666,86.0,96.0,90.0,86.66666666666667
124,125,D05,D,F,78.88888888888889,94.0,86.0,78.88888888888889,92.0,96.0,76.0,88.0,92.0,92.22222222222223,90.0,92.0,77.77777777777779,93.0,86.0,75.0,89.0,93.5,75.55555555555556,88.0,88.0,78.88888888888889,93.0,93.0,81.0,79.0,82.0,89.0,86.0,80.0,89.0,82.0,86.66666666666667,85.0,92.0,72.0,73.33333333333334,80.83333333333334,88.33333333333334,92.0,77.33333333333333,84.0,86.0,83.33333333333334,83.33333333333334,72.66666666666666,92.0,88.66666666666666,87.0,91.0,76.0,82.66666666666666,88.0,84.44444444444444,86.66666666666667
126,127,D07,D,F,78.88888888888889,80.0,88.0,86.66666666666667,89.0,89.0,73.0,81.0,87.0,86.66666666666667,87.0,90.0,78.88888888888889,91.0,84.0,79.0,87.0,91.5,72.22222222222223,84.0,86.0,75.55555555555556,82.0,83.0,78.0,81.0,80.0,87.0,86.0,74.0,88.0,83.0,77.77777777777779,74.0,86.0,63.0,70.83333333333334,80.83333333333334,89.16666666666667,90.0,72.0,70.0,75.33333333333333,82.22222222222223,68.33333333333334,80.0,86.0,80.0,74.0,83.0,80.66666666666666,81.33333333333333,88.0,77.77777777777779,78.33333333333334
127,128,D08,D,F,83.33333333333334,93.0,80.0,86.66666666666667,86.0,80.0,80.0,87.5,76.0,86.66666666666667,70.0,78.0,76.66666666666667,85.0,70.0,79.0,97.0,82.0,80.0,80.0,81.0,74.44444444444444,85.0,83.0,75.0,82.0,71.0,92.0,82.0,65.0,79.0,78.0,83.33333333333334,74.0,87.0,64.0,69.16666666666667,72.5,85.83333333333334,88.0,78.66666666666666,69.33333333333333,80.66666666666666,75.55555555555556,81.66666666666667,79.33333333333333,87.33333333333333,80.0,64.0,81.0,69.33333333333333,71.33333333333333,85.33333333333333,61.111111111111114,63.333333333333336
128,129,D09,D,F,87.77777777777779,100.0,78.0,88.88888888888889,93.0,85.0,74.0,90.0,92.0,84.44444444444444,97.0,93.0,81.11111111111111,93.0,79.0,77.0,95.0,83.5,86.66666666666667,85.0,85.0,74.44444444444444,81.0,82.0,76.0,91.0,78.0,82.0,83.0,81.0,78.0,85.0,87.77777777777779,85.0,83.0,83.0,72.5,82.5,79.16666666666667,93.0,81.33333333333333,67.33333333333333,76.0,82.22222222222223,81.66666666666667,84.66666666666666,80.66666666666666,81.66666666666666,75.0,88.0,72.0,83.33333333333333,84.33333333333333,83.33333333333334,83.33333333333334
130,131,D11,D,F,83.33333333333334,92.0,92.0,90.0,90.0,95.0,82.0,88.0,92.0,88.88888888888889,94.0,97.0,82.22222222222223,94.0,92.0,86.0,92.0,94.5,83.33333333333334,88.0,93.0,78.88888888888889,83.0,97.0,89.0,98.0,92.0,91.0,82.0,86.0,96.0,87.0,93.33333333333334,83.0,93.0,87.0,74.16666666666667,92.5,96.66666666666667,88.0,79.33333333333333,85.33333333333333,87.33333333333333,78.88888888888889,80.0,83.33333333333333,89.33333333333333,91.0,86.0,94.0,84.66666666666666,86.66666666666666,94.33333333333333,92.22222222222223,85.0
131,132,D12,D,F,86.66666666666667,85.0,88.0,93.33333333333334,85.0,88.0,76.0,79.0,85.0,86.66666666666667,84.0,88.0,74.44444444444444,72.0,74.0,81.0,83.0,86.0,84.44444444444444,78.0,82.0,74.44444444444444,75.0,82.0,81.0,76.0,69.0,83.0,82.0,60.0,74.0,75.0,82.22222222222223,69.0,79.0,65.0,73.33333333333334,71.66666666666667,80.0,71.0,77.33333333333333,64.66666666666666,62.0,65.55555555555556,73.33333333333334,72.66666666666666,65.33333333333333,70.66666666666666,60.0,76.0,74.66666666666666,70.66666666666666,82.33333333333333,60.0,78.33333333333334
132,133,D13,D,F,77.77777777777779,69.0,60.0,82.22222222222223,68.0,57.0,74.0,70.0,57.0,78.88888888888889,77.0,61.0,81.11111111111111,55.0,46.0,71.0,64.0,58.5,81.11111111111111,78.0,54.0,82.22222222222223,57.0,45.0,71.0,52.0,37.0,70.0,77.0,47.0,36.0,59.0,71.11111111111111,53.0,48.0,41.0,67.5,64.16666666666667,38.333333333333336,62.0,73.33333333333333,50.0,36.666666666666664,38.88888888888889,46.66666666666667,72.0,64.66666666666666,30.666666666666664,50.0,49.0,77.0,82.66666666666666,88.66666666666666,87.77777777777779,83.33333333333334
133,134,D14,D,F,85.55555555555556,68.0,72.0,90.0,64.0,71.0,74.0,74.0,62.0,87.77777777777779,75.0,62.0,86.66666666666667,60.0,52.0,76.0,67.0,56.0,82.22222222222223,66.0,60.0,74.44444444444444,60.0,58.0,76.0,57.0,49.0,55.0,81.0,55.0,51.0,46.0,78.88888888888889,54.0,60.0,30.0,70.0,45.833333333333336,61.66666666666667,58.0,70.66666666666666,39.33333333333333,44.666666666666664,50.0,50.0,77.33333333333333,58.666666666666664,55.33333333333333,57.0,56.0,71.33333333333333,56.666666666666664,56.666666666666664,46.66666666666667,51.66666666666667
134,135,D15,D,F,84.44444444444444,85.0,87.0,85.55555555555556,86.0,84.0,67.0,79.0,82.0,87.77777777777779,81.0,85.0,88.88888888888889,77.0,72.0,69.0,75.0,76.5,87.77777777777779,75.0,78.0,71.11111111111111,63.0,70.0,76.0,46.0,67.0,75.0,72.0,70.0,64.0,62.0,75.55555555555556,65.0,73.0,46.0,69.16666666666667,71.66666666666667,75.0,71.0,71.33333333333333,48.0,63.33333333333333,62.22222222222223,66.66666666666667,81.33333333333333,79.33333333333333,76.66666666666666,64.0,65.0,77.33333333333333,55.33333333333333,76.33333333333333,72.22222222222223,68.33333333333334
135,136,D16,D,F,80.0,81.0,76.0,85.55555555555556,86.0,77.0,74.0,82.0,88.0,93.33333333333334,91.0,87.0,90.0,93.0,77.0,77.0,90.0,85.5,83.33333333333334,84.0,82.0,83.33333333333334,80.0,89.0,89.0,81.0,86.0,88.0,80.0,83.0,91.0,78.0,83.33333333333334,81.0,88.0,82.0,77.5,90.83333333333334,92.5,92.0,74.66666666666666,82.0,76.66666666666666,77.77777777777779,75.0,78.0,85.33333333333333,90.33333333333333,87.0,91.0,82.0,82.0,92.0,90.0,90.0
136,137,D17,D,M,73.33333333333334,84.0,89.0,80.0,91.0,84.0,80.0,92.0,94.0,81.11111111111111,95.0,95.0,97.77777777777779,94.0,91.0,80.0,93.0,93.5,87.77777777777779,90.0,87.0,85.55555555555556,82.0,95.0,83.0,96.0,82.0,87.0,83.0,84.0,93.0,84.0,82.22222222222223,87.0,90.0,80.0,72.5,85.83333333333334,90.41666666666667,87.0,77.33333333333333,86.0,86.66666666666666,80.0,86.66666666666667,74.66666666666666,91.33333333333333,90.0,71.0,80.0,78.0,89.33333333333333,91.66666666666666,88.88888888888889,83.33333333333334
137,138,D18,D,M,81.11111111111111,89.0,82.0,82.22222222222223,79.0,77.0,74.0,96.0,77.0,78.88888888888889,88.0,82.0,84.44444444444444,85.0,75.0,74.0,91.0,82.5,77.77777777777779,84.0,84.0,72.22222222222223,86.0,84.0,78.0,87.0,79.0,98.0,84.0,86.0,81.0,88.0,80.0,84.0,73.0,91.0,70.83333333333334,85.0,80.83333333333334,95.0,79.33333333333333,78.0,71.33333333333333,85.55555555555556,88.33333333333334,74.0,88.0,84.66666666666666,87.0,96.0,76.0,81.33333333333333,88.66666666666666,93.33333333333334,88.33333333333334
138,139,D19,D,M,84.44444444444444,97.0,90.0,85.55555555555556,95.0,91.0,82.0,89.0,87.0,90.0,92.0,94.0,87.77777777777779,86.0,83.0,80.0,89.0,93.0,83.33333333333334,94.0,90.0,84.44444444444444,89.0,94.0,83.0,91.0,90.0,96.0,82.0,86.0,93.0,93.0,82.22222222222223,85.0,92.0,80.0,74.16666666666667,88.33333333333334,85.41666666666667,89.0,82.66666666666666,96.66666666666666,86.0,94.44444444444444,93.33333333333334,79.33333333333333,96.66666666666666,94.66666666666666,81.0,96.0,77.33333333333333,80.0,91.0,91.11111111111111,91.66666666666667
139,140,D21,D,M,84.44444444444444,81.0,78.0,85.55555555555556,82.0,84.0,72.0,87.0,78.0,83.33333333333334,80.0,86.0,78.88888888888889,79.0,78.0,75.0,83.0,80.5,78.88888888888889,77.0,82.0,74.44444444444444,73.0,83.0,73.0,75.0,80.0,84.0,77.0,62.0,77.0,72.0,82.22222222222223,61.0,80.0,64.0,71.66666666666667,61.66666666666667,82.5,87.0,74.66666666666666,68.66666666666666,79.33333333333333,82.22222222222223,85.0,73.33333333333333,83.33333333333333,82.66666666666666,73.0,81.0,66.66666666666666,74.66666666666666,85.33333333333333,85.55555555555556,78.33333333333334
140,141,D22,D,M,83.33333333333334,86.0,83.0,93.33333333333334,79.0,77.0,72.0,73.0,85.0,83.33333333333334,86.0,79.0,83.33333333333334,91.0,82.0,84.0,91.0,83.5,87.77777777777779,80.0,79.0,82.22222222222223,70.0,76.0,82.0,84.0,79.0,91.0,88.0,80.0,87.0,84.0,86.66666666666667,74.0,83.0,78.0,79.16666666666667,74.16666666666667,78.33333333333334,99.0,84.0,67.33333333333333,75.33333333333333,82.22222222222223,75.0,79.33333333333333,77.33333333333333,77.0,80.0,86.0,80.0,76.0,74.0,87.77777777777779,76.66666666666667
141,142,D23,D,M,81.11111111111111,78.0,80.0,88.88888888888889,81.0,80.0,77.0,87.5,86.0,77.77777777777779,77.0,83.0,71.11111111111111,87.0,78.0,74.0,77.0,81.5,77.77777777777779,63.0,72.0,75.55555555555556,67.0,75.0,72.0,60.0,76.0,79.0,83.0,54.0,77.0,72.0,76.66666666666667,60.0,75.0,62.0,66.66666666666667,60.0,81.66666666666667,73.0,64.66666666666666,44.666666666666664,68.66666666666666,76.66666666666667,71.66666666666667,74.66666666666666,75.33333333333333,77.33333333333333,61.0,55.0,68.0,72.66666666666666,79.33333333333333,63.333333333333336,53.333333333333336
142,143,D24,D,M,80.0,94.0,78.0,84.44444444444444,84.0,72.0,60.0,84.0,70.0,86.66666666666667,88.0,74.0,78.88888888888889,97.0,71.0,74.0,95.0,73.5,71.11111111111111,80.0,76.0,81.11111111111111,83.0,76.0,75.0,92.0,68.0,96.0,74.0,87.0,68.0,81.0,72.22222222222223,80.0,74.0,82.0,70.83333333333334,87.5,74.16666666666667,94.0,74.66666666666666,78.66666666666666,74.0,85.55555555555556,91.66666666666667,69.33333333333333,87.33333333333333,75.0,75.0,93.0,68.66666666666666,82.0,78.66666666666666,93.33333333333334,83.33333333333334
143,144,D25,D,M,66.66666666666667,83.0,64.0,71.11111111111111,78.0,64.0,48.0,70.0,56.0,75.55555555555556,81.0,60.0,75.55555555555556,91.0,63.0,69.0,88.0,71.5,78.88888888888889,71.0,67.0,72.22222222222223,81.5,60.0,67.0,80.0,57.0,84.0,73.0,57.0,63.0,72.0,72.22222222222223,69.0,60.0,50.0,73.33333333333334,77.5,61.66666666666667,63.0,70.0,60.666666666666664,52.0,65.55555555555556,73.33333333333334,68.66666666666666,84.0,50.666666666666664,61.0,67.0,66.66666666666666,74.0,73.0,63.333333333333336,68.33333333333334
144,145,D26,D,M,65.55555555555556,66.0,68.0,62.22222222222223,65.0,55.0,59.0,55.0,60.0,71.11111111111111,81.0,58.0,65.55555555555556,84.0,54.0,73.0,76.0,56.0,70.0,74.0,61.0,57.77777777777778,78.0,56.0,60.0,60.0,47.0,83.0,64.0,72.0,45.0,70.0,63.333333333333336,61.0,44.0,64.0,57.5,77.5,41.66666666666667,75.0,60.0,50.666666666666664,48.0,60.0,68.33333333333334,62.0,74.0,55.0,58.0,75.0,54.0,68.66666666666666,50.666666666666664,68.88888888888889,61.66666666666667
145,146,D27,D,M,76.66666666666667,85.0,81.0,68.88888888888889,75.0,74.0,63.0,83.0,71.0,68.88888888888889,90.0,69.0,73.33333333333334,92.0,60.0,66.0,87.0,78.0,78.88888888888889,73.0,67.0,67.77777777777779,78.0,65.0,70.0,64.0,62.0,79.0,73.0,66.0,64.0,56.0,63.333333333333336,69.0,62.0,58.0,60.833333333333336,79.16666666666667,65.0,61.0,67.33333333333333,70.0,61.33333333333333,62.22222222222223,75.0,66.66666666666666,74.0,64.66666666666666,66.0,70.0,64.0,70.66666666666666,67.0,55.55555555555556,68.33333333333334
146,147,D28,D,M,71.11111111111111,82.0,66.0,94.44444444444444,81.0,68.0,69.0,85.0,75.0,81.11111111111111,90.0,77.0,73.33333333333334,94.0,67.0,68.0,84.0,79.5,82.22222222222223,73.0,78.0,76.66666666666667,86.0,83.0,80.0,89.0,72.0,93.0,83.0,70.0,69.0,88.0,82.22222222222223,76.0,76.0,85.0,69.16666666666667,89.16666666666667,81.25,93.0,84.0,80.0,76.0,86.66666666666667,90.0,74.66666666666666,87.33333333333333,83.66666666666666,93.0,94.0,74.66666666666666,81.33333333333333,81.33333333333333,93.33333333333334,90.0
147,148,D29,D,M,80.0,71.0,60.0,78.88888888888889,85.0,64.0,72.0,81.0,60.0,74.44444444444444,83.0,63.0,77.77777777777779,77.0,50.0,69.0,93.0,68.0,84.44444444444444,77.0,54.0,67.77777777777779,70.0,54.0,67.0,79.0,61.0,75.0,75.0,57.0,51.0,71.0,76.66666666666667,70.0,62.0,61.0,62.5,85.83333333333334,60.41666666666667,80.0,75.33333333333333,60.0,59.33333333333333,66.66666666666667,88.33333333333334,80.0,78.66666666666666,63.666666666666664,71.0,86.0,66.0,74.66666666666666,71.66666666666666,81.11111111111111,73.33333333333334
148,149,D30,D,M,83.33333333333334,98.0,81.0,83.33333333333334,92.0,85.0,82.0,93.0,89.0,93.33333333333334,96.0,85.0,82.22222222222223,97.0,81.0,75.0,96.0,82.5,86.66666666666667,91.0,91.0,76.66666666666667,90.0,85.0,81.0,97.0,86.0,95.0,83.0,95.0,93.0,84.0,88.88888888888889,88.0,84.0,84.0,72.5,91.66666666666667,88.75,98.0,78.66666666666666,87.33333333333333,84.0,84.44444444444444,85.0,72.66666666666666,92.0,91.66666666666666,89.0,98.0,76.66666666666666,93.33333333333333,92.66666666666666,94.44444444444444,95.0
149,150,D31,D,M,83.33333333333334,86.0,85.0,85.55555555555556,86.0,85.0,80.0,89.0,82.0,88.88888888888889,99.0,87.0,91.11111111111111,97.0,83.0,87.0,91.0,90.5,87.77777777777779,90.0,90.0,84.44444444444444,93.0,96.0,89.0,87.0,85.0,88.0,87.0,90.0,92.0,87.0,86.66666666666667,89.0,91.0,84.0,78.33333333333334,91.66666666666667,89.58333333333334,97.0,82.66666666666666,82.0,82.66666666666666,78.88888888888889,86.66666666666667,85.33333333333333,88.66666666666666,91.33333333333333,92.0,94.0,82.0,85.33333333333333,96.66666666666666,91.11111111111111,85.0
151,152,E01,E,F,90.0,79.0,74.0,80.0,63.0,77.0,74.0,80.0,72.0,85.55555555555556,83.0,84.0,91.11111111111111,76.0,72.0,86.0,85.0,80.5,91.11111111111111,83.0,78.0,84.44444444444444,78.0,82.0,80.0,81.0,70.0,90.0,87.0,70.0,78.0,71.0,81.11111111111111,73.0,71.0,85.0,77.5,88.33333333333334,76.25,81.0,76.66666666666666,82.0,68.0,70.0,76.66666666666667,79.33333333333333,78.0,75.66666666666666,77.0,81.0,76.66666666666666,80.66666666666666,86.0,78.88888888888889,81.66666666666667
152,153,E02,E,F,85.55555555555556,93.0,86.0,80.0,94.0,89.0,80.0,93.0,88.0,91.11111111111111,89.0,91.0,93.33333333333334,88.0,90.0,84.0,80.0,89.0,85.55555555555556,78.0,85.0,87.77777777777779,76.0,91.0,84.0,81.0,89.0,92.0,83.0,64.0,90.0,88.0,83.33333333333334,76.0,88.0,82.0,72.5,66.66666666666667,92.08333333333334,99.0,84.0,75.33333333333333,76.0,84.44444444444444,75.0,80.66666666666666,88.66666666666666,86.0,85.0,81.0,76.0,84.66666666666666,87.33333333333333,84.44444444444444,83.33333333333334
154,155,E04,E,F,86.66666666666667,92.0,80.0,85.55555555555556,88.0,76.0,70.0,83.0,78.0,86.66666666666667,92.0,79.0,84.44444444444444,80.0,73.0,73.0,86.0,81.5,87.77777777777779,93.0,79.0,88.88888888888889,86.0,81.0,78.0,89.0,79.0,93.0,85.0,83.0,79.0,87.0,74.44444444444444,81.0,82.0,85.0,75.0,79.16666666666667,85.0,90.0,73.33333333333333,70.0,70.0,80.0,73.33333333333334,82.0,82.66666666666666,86.33333333333333,76.0,86.0,74.0,80.66666666666666,82.66666666666666,85.55555555555556,85.0
155,156,E05,E,F,78.88888888888889,69.0,74.0,83.33333333333334,75.0,69.0,66.0,71.0,67.0,86.66666666666667,73.0,72.0,90.0,88.0,64.0,76.0,79.0,76.5,81.11111111111111,74.0,71.0,82.22222222222223,75.0,72.0,78.0,89.0,74.0,95.0,78.0,64.0,76.0,91.0,78.88888888888889,80.0,71.0,91.0,70.83333333333334,89.16666666666667,80.41666666666667,97.0,78.66666666666666,82.0,64.66666666666666,84.44444444444444,80.0,78.66666666666666,87.33333333333333,79.66666666666666,81.0,86.0,74.66666666666666,80.66666666666666,78.66666666666666,92.22222222222223,90.0
158,159,E08,E,F,77.77777777777779,96.0,83.0,90.0,93.0,85.0,78.0,85.0,85.0,92.22222222222223,86.0,88.0,82.22222222222223,87.0,76.0,75.0,86.0,79.5,82.22222222222223,88.0,91.0,90.0,76.0,83.0,81.0,87.0,76.0,98.0,85.0,69.0,76.0,88.0,76.66666666666667,82.0,80.0,84.0,79.16666666666667,80.83333333333334,83.75,93.0,73.33333333333333,68.0,68.0,80.0,75.0,77.33333333333333,84.66666666666666,81.33333333333333,82.0,83.0,78.66666666666666,72.66666666666666,85.66666666666666,90.0,85.0
160,161,E10,E,F,76.66666666666667,81.0,70.0,71.11111111111111,70.0,73.0,69.0,80.0,74.0,82.22222222222223,80.0,81.0,73.33333333333334,84.0,68.0,74.0,72.0,76.0,73.33333333333334,77.0,68.0,88.88888888888889,75.0,73.0,73.0,73.0,62.0,84.0,82.0,71.0,60.0,79.0,77.77777777777779,60.0,66.0,69.0,70.83333333333334,81.66666666666667,62.5,79.0,73.33333333333333,51.33333333333333,64.0,74.44444444444444,70.0,74.66666666666666,70.66666666666666,68.0,61.0,85.0,76.0,66.0,69.0,66.66666666666667,73.33333333333334
161,162,E11,E,F,84.44444444444444,65.0,70.0,86.66666666666667,75.0,73.0,75.0,73.0,69.0,88.88888888888889,77.0,82.0,81.11111111111111,83.0,65.0,78.0,72.0,79.0,83.33333333333334,68.0,79.0,78.88888888888889,68.0,79.0,83.0,72.0,69.0,86.0,80.0,62.0,78.0,73.0,81.11111111111111,64.0,69.0,72.0,75.0,58.333333333333336,75.0,89.0,74.0,65.33333333333333,62.666666666666664,54.44444444444445,70.0,73.33333333333333,81.33333333333333,67.66666666666666,66.0,78.0,74.66666666666666,76.0,72.0,67.77777777777779,73.33333333333334
162,163,E12,E,F,80.0,78.0,71.0,83.33333333333334,77.0,71.0,78.0,84.0,79.0,81.11111111111111,78.0,75.0,77.77777777777779,86.0,62.0,70.0,74.0,70.0,80.0,85.0,72.0,90.0,72.0,70.0,76.0,66.0,62.0,92.0,80.0,55.0,65.0,81.0,78.88888888888889,74.0,74.0,84.0,69.16666666666667,69.16666666666667,75.83333333333334,88.0,70.0,57.33333333333333,50.666666666666664,76.66666666666667,71.66666666666667,77.33333333333333,80.0,76.33333333333333,65.0,75.0,76.0,65.33333333333333,72.33333333333333,65.55555555555556,68.33333333333334
163,164,E13,E,F,81.11111111111111,76.0,80.0,85.55555555555556,77.0,85.0,82.0,72.0,84.0,82.22222222222223,96.0,85.0,86.66666666666667,85.0,80.0,83.0,83.0,87.0,84.44444444444444,79.0,86.0,88.88888888888889,91.0,90.0,85.0,87.0,77.0,92.0,86.0,77.0,90.0,97.0,80.0,84.0,80.0,86.0,80.83333333333334,82.5,88.33333333333334,91.0,78.66666666666666,87.33333333333333,69.33333333333333,80.0,80.0,80.0,88.0,88.0,84.0,90.0,79.33333333333333,75.33333333333333,86.0,91.11111111111111,90.0
164,165,E14,E,F,71.11111111111111,65.0,64.0,75.55555555555556,69.0,65.0,57.0,68.0,58.0,70.0,62.0,60.0,64.44444444444444,54.0,60.0,67.0,68.0,59.5,71.11111111111111,56.0,47.0,72.22222222222223,51.0,60.0,63.0,61.0,45.0,77.0,74.0,43.0,43.0,64.0,73.33333333333334,58.0,49.0,45.0,70.83333333333334,44.16666666666667,47.083333333333336,56.0,64.0,34.666666666666664,46.666666666666664,36.66666666666667,35.0,64.0,45.33333333333333,48.0,51.0,42.0,63.33333333333333,56.0,52.33333333333333,45.55555555555556,33.333333333333336
165,166,E15,E,M,82.22222222222223,76.0,72.0,76.66666666666667,81.0,78.0,71.0,87.0,82.0,80.0,95.0,81.0,74.44444444444444,91.0,68.0,65.0,92.0,74.5,74.44444444444444,91.0,85.0,75.55555555555556,88.0,75.0,73.0,87.0,75.0,91.0,78.0,91.0,76.0,90.0,83.33333333333334,84.0,81.0,88.0,70.0,89.16666666666667,81.66666666666667,90.0,73.33333333333333,86.0,78.0,87.77777777777779,91.66666666666667,78.66666666666666,86.66666666666666,81.66666666666666,91.0,90.0,79.33333333333333,89.33333333333333,89.0,92.22222222222223,85.0
166,167,E16,E,M,87.77777777777779,99.0,81.0,70.0,87.0,78.0,77.0,77.0,73.0,83.33333333333334,84.0,79.0,80.0,90.0,78.0,68.0,87.0,74.5,83.33333333333334,70.0,79.0,83.33333333333334,76.0,82.0,79.0,75.0,74.0,88.0,78.0,62.0,82.0,72.0,72.22222222222223,72.0,76.0,72.0,68.33333333333334,70.0,71.25,73.0,70.0,62.0,68.66666666666666,74.44444444444444,66.66666666666667,74.0,78.0,70.0,65.0,62.0,68.66666666666666,64.0,80.66666666666666,66.66666666666667,68.33333333333334
169,170,E19,E,M,82.22222222222223,80.0,79.0,85.55555555555556,91.0,83.0,77.0,78.0,84.0,86.66666666666667,72.0,84.0,85.55555555555556,86.0,83.0,81.0,75.0,90.5,76.66666666666667,83.0,83.0,84.44444444444444,73.0,84.0,79.0,78.0,72.0,84.0,78.0,61.0,90.0,81.0,81.11111111111111,69.0,74.0,85.0,70.0,76.66666666666667,85.41666666666667,91.0,75.33333333333333,66.0,79.33333333333333,80.0,80.0,68.0,83.33333333333333,86.33333333333333,83.0,83.0,78.66666666666666,80.0,84.33333333333333,92.22222222222223,80.0
170,171,E20,E,M,85.55555555555556,87.0,81.0,83.33333333333334,90.0,83.0,75.0,90.0,90.0,83.33333333333334,86.0,94.0,92.22222222222223,94.0,84.0,82.0,97.0,91.5,84.44444444444444,78.0,88.0,87.77777777777779,89.0,88.0,79.0,97.0,79.0,91.0,84.0,83.0,81.0,85.0,81.11111111111111,80.0,85.0,83.0,75.83333333333334,80.0,93.33333333333334,88.0,83.33333333333333,82.0,80.66666666666666,83.33333333333334,78.33333333333334,78.66666666666666,83.33333333333333,88.33333333333333,87.0,90.0,76.66666666666666,85.33333333333333,88.66666666666666,92.22222222222223,88.33333333333334
172,173,E22,E,M,66.66666666666667,48.0,60.0,72.22222222222223,55.0,56.0,64.0,63.0,63.0,60.0,60.0,55.0,74.44444444444444,61.0,48.0,61.0,61.0,52.0,72.22222222222223,60.0,46.0,73.33333333333334,51.0,53.0,68.0,39.0,39.0,71.0,75.0,38.0,46.0,63.0,62.22222222222223,38.0,49.0,40.0,61.66666666666667,31.666666666666668,42.91666666666667,69.0,53.33333333333333,26.666666666666664,43.33333333333333,57.77777777777778,50.0,62.666666666666664,40.0,38.666666666666664,54.0,51.0,53.33333333333333,57.33333333333333,48.33333333333333,56.66666666666667,36.66666666666667
173,174,E23,E,M,63.333333333333336,83.0,57.0,77.77777777777779,70.0,64.0,57.0,78.0,53.0,71.11111111111111,71.0,60.0,75.55555555555556,76.0,50.0,69.0,75.0,57.0,75.55555555555556,69.0,54.0,74.44444444444444,67.0,50.0,62.0,62.0,42.0,75.0,64.0,49.0,43.0,78.0,57.77777777777778,67.0,54.0,70.0,64.16666666666667,70.0,56.25,82.0,67.33333333333333,57.33333333333333,40.666666666666664,68.88888888888889,46.66666666666667,70.0,80.0,57.0,75.0,75.0,63.33333333333333,62.0,60.666666666666664,85.55555555555556,65.0
174,175,E24,E,M,74.44444444444444,63.0,68.0,67.77777777777779,64.0,60.0,77.0,67.0,61.0,63.333333333333336,72.0,62.0,66.66666666666667,67.0,58.0,60.0,71.0,59.5,85.55555555555556,52.0,61.0,72.22222222222223,40.0,56.0,73.0,46.0,53.0,85.0,75.0,22.0,60.0,74.0,67.77777777777779,50.0,50.0,65.0,63.333333333333336,54.16666666666667,48.75,64.0,65.33333333333333,38.666666666666664,43.33333333333333,60.0,46.66666666666667,62.0,46.666666666666664,56.666666666666664,52.0,45.0,64.66666666666666,60.666666666666664,67.33333333333333,54.44444444444445,35.0
175,176,E25,E,M,72.22222222222223,60.0,65.0,70.0,57.0,60.0,60.0,60.0,61.0,73.33333333333334,64.0,60.0,73.33333333333334,83.0,63.0,73.0,76.0,65.0,75.55555555555556,75.0,68.0,72.22222222222223,74.0,65.0,66.0,78.0,61.0,87.0,61.0,56.0,62.0,82.0,60.0,75.0,67.0,75.0,64.16666666666667,70.0,62.5,78.0,64.66666666666666,60.666666666666664,65.33333333333333,78.88888888888889,65.0,67.33333333333333,83.33333333333333,74.33333333333333,76.0,58.0,58.0,70.0,74.0,72.22222222222223,71.66666666666667
176,177,E26,E,M,68.88888888888889,58.0,46.0,68.88888888888889,42.0,46.0,68.0,41.0,33.0,65.55555555555556,9.0,24.0,78.88888888888889,7.0,21.0,52.0,15.0,18.5,58.88888888888889,2.0,26.0,44.44444444444444,8.0,24.0,46.0,6.0,15.0,46.0,50.0,6.0,21.0,39.0,50.0,3.0,23.0,20.0,47.5,10.0,13.333333333333334,32.0,55.33333333333333,5.333333333333333,24.666666666666664,12.222222222222223,11.666666666666668,48.666666666666664,5.333333333333333,15.333333333333332,13.0,15.0,47.33333333333333,9.333333333333332,18.0,28.88888888888889,15.0
177,178,E27,E,M,60.0,77.0,65.0,67.77777777777779,50.0,60.0,64.0,75.0,70.0,75.55555555555556,60.0,70.0,61.111111111111114,57.0,49.0,70.0,65.0,68.0,78.88888888888889,81.0,61.0,72.22222222222223,55.0,60.0,59.0,56.0,66.0,81.0,69.0,52.0,66.0,80.0,60.0,60.0,62.0,71.0,67.5,45.0,60.0,68.0,68.66666666666666,50.666666666666664,60.666666666666664,68.88888888888889,75.0,72.66666666666666,72.0,52.0,69.0,80.0,68.66666666666666,65.33333333333333,66.0,73.33333333333334,65.0
178,179,E28,E,M,71.11111111111111,64.0,39.0,57.77777777777778,44.0,47.0,56.0,37.0,44.0,52.22222222222222,27.0,42.0,28.88888888888889,20.0,40.0,52.0,19.0,31.0,53.333333333333336,21.0,36.0,46.66666666666667,1.0,27.0,62.0,9.0,31.0,75.0,64.0,5.0,34.0,63.0,52.22222222222222,8.0,29.0,37.0,54.16666666666667,14.166666666666668,20.833333333333336,59.0,68.66666666666666,18.0,36.0,36.66666666666667,45.0,68.66666666666666,19.333333333333332,23.0,43.0,55.0,56.666666666666664,26.0,33.33333333333333,48.88888888888889,66.66666666666667
179,180,E29,E,M,72.22222222222223,71.0,62.0,66.66666666666667,42.0,62.0,70.0,63.0,60.0,76.66666666666667,45.0,55.0,76.66666666666667,54.0,49.0,68.0,41.0,47.5,77.77777777777779,61.0,53.0,77.77777777777779,60.0,56.0,77.0,39.0,43.0,83.0,69.0,26.0,52.0,59.0,70.0,50.0,49.0,47.0,63.333333333333336,43.333333333333336,43.75,61.0,64.0,27.333333333333332,46.666666666666664,55.55555555555556,55.0,69.33333333333333,45.33333333333333,34.666666666666664,58.0,65.0,64.0,40.0,52.0,48.88888888888889,56.66666666666667
180,181,E30,E,M,73.33333333333334,59.0,34.0,27.77777777777778,54.0,45.0,55.0,67.0,38.0,64.44444444444444,47.0,35.0,55.55555555555556,50.0,29.0,54.0,39.0,24.0,53.333333333333336,50.0,34.0,53.333333333333336,44.0,26.0,34.0,13.0,19.0,60.0,36.0,5.0,12.0,54.0,17.77777777777778,3.0,18.0,19.0,44.16666666666667,4.166666666666667,9.583333333333334,27.0,32.666666666666664,16.0,18.666666666666664,13.333333333333334,11.666666666666668,79.0,87.33333333333333,86.83333333333333,83.0,86.0,46.666666666666664,9.333333333333332,13.333333333333332,17.77777777777778,11.666666666666668
181,182,E31,E,F,75.55555555555556,81.0,42.0,74.44444444444444,81.0,56.0,74.0,77.0,48.0,74.44444444444444,81.0,48.0,68.88888888888889,65.0,56.0,77.0,73.0,47.0,84.44444444444444,78.0,56.0,81.11111111111111,72.0,60.0,64.0,82.0,49.0,91.0,75.0,56.0,62.0,83.0,70.0,52.0,50.0,72.0,76.66666666666667,79.16666666666667,55.833333333333336,78.0,80.66666666666666,47.33333333333333,41.33333333333333,61.111111111111114,70.0,77.33333333333333,66.0,51.666666666666664,71.0,63.0,67.33333333333333,82.66666666666666,88.66666666666666,57.77777777777778,45.0
185,186,F03,F,F,87.77777777777779,66.0,84.0,95.55555555555556,63.0,84.0,79.0,82.0,81.0,87.77777777777779,82.0,87.0,88.88888888888889,85.0,76.0,81.0,80.0,89.5,86.66666666666667,76.0,81.0,80.0,61.0,87.0,76.0,69.0,78.0,90.0,81.0,70.0,86.0,85.0,81.11111111111111,48.0,79.0,77.0,74.16666666666667,65.83333333333334,86.25,89.0,76.66666666666666,61.33333333333333,71.33333333333333,74.44444444444444,73.33333333333334,82.66666666666666,72.66666666666666,86.33333333333333,64.0,78.0,71.33333333333333,61.33333333333333,82.66666666666666,68.88888888888889,75.0
187,188,F05,F,F,81.11111111111111,80.0,86.0,80.0,81.0,84.0,75.0,80.0,77.0,87.77777777777779,74.0,87.0,77.77777777777779,89.0,83.0,74.0,87.0,85.0,76.66666666666667,66.0,83.0,83.33333333333334,66.0,88.0,78.0,73.0,81.0,87.0,84.0,75.0,80.0,87.0,75.55555555555556,78.0,84.0,87.0,71.66666666666667,77.5,78.33333333333334,94.0,80.0,78.66666666666666,73.33333333333333,76.66666666666667,75.0,77.33333333333333,84.0,78.33333333333333,75.0,85.0,78.66666666666666,62.666666666666664,86.0,76.66666666666667,88.33333333333334
190,191,F08,F,F,76.66666666666667,70.0,74.0,76.66666666666667,60.0,78.0,72.0,77.0,72.0,75.55555555555556,64.0,72.0,77.77777777777779,69.0,60.0,71.0,62.0,77.0,72.22222222222223,69.0,69.0,74.44444444444444,64.0,72.0,73.0,76.0,85.0,77.0,74.0,51.0,81.0,75.0,73.33333333333334,54.0,66.0,78.0,69.16666666666667,53.333333333333336,77.91666666666667,85.0,65.33333333333333,46.0,60.666666666666664,46.66666666666667,70.0,68.66666666666666,72.66666666666666,77.66666666666666,53.0,80.0,77.0,82.66666666666666,88.66666666666666,87.77777777777779,83.33333333333334
191,192,F09,F,F,75.55555555555556,50.0,46.0,75.55555555555556,38.0,53.0,69.0,53.0,45.0,71.11111111111111,60.0,51.0,70.0,31.0,53.0,69.0,35.0,37.5,74.44444444444444,38.0,36.0,68.88888888888889,27.0,42.0,74.0,36.0,40.0,75.0,73.0,27.0,42.0,77.0,74.44444444444444,15.0,37.0,58.0,62.5,22.5,38.333333333333336,70.0,72.0,20.0,32.666666666666664,33.333333333333336,46.66666666666667,69.33333333333333,30.0,30.666666666666664,49.0,48.0,66.0,31.333333333333332,34.33333333333333,50.0,33.333333333333336
192,193,F10,F,F,65.55555555555556,34.0,48.0,64.44444444444444,22.0,58.0,56.0,23.0,42.0,76.66666666666667,24.0,42.0,65.55555555555556,16.0,44.0,70.0,14.0,49.0,67.77777777777779,17.0,37.0,53.333333333333336,19.0,41.0,65.0,11.0,37.0,47.0,59.0,4.0,54.0,51.0,60.0,8.0,41.0,31.0,58.333333333333336,14.166666666666668,36.66666666666667,52.0,58.666666666666664,5.333333333333333,42.666666666666664,38.88888888888889,25.0,63.33333333333333,18.666666666666664,34.0,27.0,27.0,48.666666666666664,41.33333333333333,48.666666666666664,37.77777777777778,21.666666666666668
193,194,F11,F,F,74.44444444444444,30.0,49.0,65.55555555555556,12.0,48.0,60.0,24.0,42.0,63.333333333333336,37.0,54.0,45.55555555555556,20.0,29.0,58.0,31.0,39.0,55.55555555555556,15.0,34.0,62.22222222222223,5.0,37.0,61.0,6.0,40.0,44.0,60.0,8.0,39.0,43.0,57.77777777777778,13.0,39.0,23.0,51.66666666666667,12.5,34.16666666666667,48.0,57.33333333333333,2.6666666666666665,32.666666666666664,16.666666666666668,13.333333333333334,52.0,10.666666666666666,30.666666666666664,25.0,25.0,47.33333333333333,21.333333333333332,26.0,17.77777777777778,6.666666666666667
194,195,F12,F,F,83.33333333333334,76.0,72.0,76.66666666666667,75.0,75.0,71.0,76.0,68.0,72.22222222222223,49.0,74.0,84.44444444444444,41.0,63.0,68.0,45.0,76.5,82.22222222222223,51.0,69.0,65.55555555555556,34.0,70.0,74.0,56.0,83.0,60.0,83.0,32.0,71.0,69.0,68.88888888888889,25.0,65.0,61.0,65.83333333333334,30.0,66.66666666666667,70.0,67.33333333333333,18.666666666666664,53.33333333333333,21.11111111111111,66.66666666666667,75.33333333333333,35.33333333333333,59.0,48.0,60.0,77.0,82.66666666666666,88.66666666666666,87.77777777777779,83.33333333333334
196,197,F14,F,M,74.44444444444444,60.0,89.0,76.66666666666667,56.0,85.0,70.0,60.0,86.0,80.0,54.0,88.0,68.88888888888889,84.0,78.0,77.0,73.0,84.5,81.11111111111111,63.0,78.0,66.66666666666667,66.0,84.0,76.0,80.0,74.0,78.0,78.0,72.0,85.0,74.0,72.22222222222223,64.0,78.0,69.0,71.66666666666667,68.33333333333334,83.33333333333334,85.0,82.0,62.0,78.0,77.77777777777779,80.0,77.33333333333333,68.0,84.33333333333333,65.0,82.0,76.0,71.33333333333333,84.0,71.11111111111111,76.66666666666667
198,199,F16,F,M,72.22222222222223,69.0,76.0,77.77777777777779,66.0,73.0,75.0,84.0,70.0,77.77777777777779,81.0,79.0,78.88888888888889,61.0,68.0,76.0,82.0,77.5,83.33333333333334,71.0,79.0,71.11111111111111,61.0,72.0,78.0,79.0,62.0,88.0,79.0,62.0,71.0,83.0,78.88888888888889,75.0,70.0,72.0,75.0,74.16666666666667,74.58333333333334,80.0,75.33333333333333,44.0,59.33333333333333,61.111111111111114,55.0,81.33333333333333,74.66666666666666,65.0,65.0,73.0,77.0,82.66666666666666,88.66666666666666,87.77777777777779,83.33333333333334
200,201,F18,F,M,60.0,55.0,63.0,47.77777777777778,44.0,55.0,54.0,61.0,55.0,70.0,55.0,60.0,60.0,51.0,52.0,59.0,56.0,43.5,64.44444444444444,65.0,53.0,51.111111111111114,55.0,56.0,60.0,57.0,46.0,67.0,63.0,53.0,54.0,63.0,61.111111111111114,48.0,54.0,35.0,55.833333333333336,45.0,52.91666666666667,55.0,57.33333333333333,38.666666666666664,44.0,42.22222222222222,28.333333333333336,53.33333333333333,60.666666666666664,48.666666666666664,54.0,51.0,51.33333333333333,50.666666666666664,53.33333333333333,51.111111111111114,31.666666666666668
202,203,F20,F,M,82.22222222222223,97.0,89.0,63.333333333333336,91.0,85.0,70.0,92.0,82.0,71.11111111111111,88.0,81.0,56.66666666666667,85.0,74.0,80.0,93.0,80.0,62.22222222222223,74.0,82.0,71.11111111111111,64.0,89.0,72.0,84.0,68.0,89.0,70.0,55.0,78.0,85.0,72.22222222222223,61.0,82.0,82.0,64.16666666666667,59.16666666666667,87.5,88.0,64.66666666666666,30.666666666666664,72.66666666666666,80.0,81.66666666666667,58.0,59.33333333333333,85.66666666666666,67.0,69.0,47.33333333333333,60.0,86.0,68.88888888888889,63.333333333333336
203,204,F21,F,M,65.55555555555556,59.0,56.0,70.0,51.0,64.0,63.0,76.0,55.0,65.55555555555556,61.0,60.0,77.77777777777779,60.0,53.0,63.0,59.0,61.0,74.44444444444444,66.0,60.0,74.44444444444444,49.0,54.0,70.0,68.0,49.0,71.0,64.0,47.0,47.0,64.0,60.0,43.0,50.0,66.0,65.0,50.833333333333336,52.91666666666667,64.0,64.66666666666666,46.0,40.666666666666664,51.111111111111114,48.333333333333336,63.33333333333333,69.33333333333333,46.666666666666664,58.0,45.0,54.0,54.0,57.33333333333333,58.88888888888889,65.0
204,205,F22,F,M,76.66666666666667,90.0,76.0,71.11111111111111,86.0,75.0,64.0,84.0,62.0,68.88888888888889,84.0,75.0,53.333333333333336,89.0,73.0,68.0,85.0,78.5,62.22222222222223,84.0,79.0,63.333333333333336,74.0,71.0,68.0,76.0,67.0,90.0,66.0,86.0,78.0,87.0,70.0,60.0,70.0,88.0,60.833333333333336,76.66666666666667,64.58333333333334,94.0,68.0,64.66666666666666,53.33333333333333,81.11111111111111,80.0,59.33333333333333,89.33333333333333,75.33333333333333,82.0,78.0,60.0,80.0,78.0,83.33333333333334,75.0
207,208,F25,F,M,71.11111111111111,80.0,66.0,81.11111111111111,78.0,53.0,70.0,81.0,63.0,70.0,80.0,62.0,78.88888888888889,86.0,53.0,74.0,83.0,63.0,78.88888888888889,67.0,60.0,74.44444444444444,65.0,71.0,75.0,74.0,56.0,89.0,79.0,71.0,61.0,77.0,70.0,69.0,67.0,84.0,69.16666666666667,75.83333333333334,70.41666666666667,91.0,64.0,58.666666666666664,50.666666666666664,75.55555555555556,73.33333333333334,68.66666666666666,82.0,63.0,77.0,86.0,73.33333333333333,66.0,59.666666666666664,78.88888888888889,78.33333333333334
208,209,F26,F,M,80.0,57.0,67.0,81.11111111111111,68.0,71.0,68.0,69.0,49.0,74.44444444444444,82.0,73.0,75.55555555555556,62.0,57.0,70.0,47.0,62.5,84.44444444444444,51.0,61.0,71.11111111111111,48.0,56.0,71.0,50.0,51.0,76.0,80.0,35.0,57.0,64.0,68.88888888888889,38.0,62.0,70.0,70.0,38.333333333333336,54.16666666666667,80.0,75.33333333333333,26.666666666666664,47.33333333333333,64.44444444444444,53.333333333333336,73.33333333333333,42.0,58.666666666666664,65.0,69.0,68.66666666666666,44.666666666666664,64.66666666666666,57.77777777777778,58.333333333333336
209,210,F27,F,M,71.11111111111111,69.0,51.0,86.66666666666667,72.0,47.0,70.0,86.0,60.0,76.66666666666667,64.0,66.0,67.77777777777779,48.0,40.0,74.0,61.0,55.5,80.0,59.0,53.0,72.22222222222223,42.0,45.0,70.0,64.0,47.0,76.0,80.0,49.0,46.0,73.0,75.55555555555556,51.0,48.0,61.0,68.33333333333334,42.5,54.16666666666667,80.0,70.0,31.333333333333332,36.666666666666664,38.88888888888889,33.333333333333336,68.66666666666666,46.666666666666664,40.33333333333333,54.0,36.0,77.0,82.66666666666666,88.66666666666666,87.77777777777779,83.33333333333334
213,214,G01,G,F,87.77777777777779,58.0,60.0,72.22222222222223,67.0,53.0,77.0,62.0,62.0,82.22222222222223,64.0,61.0,82.22222222222223,57.0,55.0,78.0,70.0,65.5,87.77777777777779,86.0,60.0,77.77777777777779,68.0,62.0,81.0,57.0,44.0,92.0,78.0,72.0,62.0,79.0,75.55555555555556,73.0,56.0,86.0,69.16666666666667,72.5,66.66666666666667,92.0,73.33333333333333,68.0,50.0,67.77777777777779,86.66666666666667,81.33333333333333,72.0,57.33333333333333,76.0,81.0,77.33333333333333,74.0,61.0,88.88888888888889,83.33333333333334
216,217,G04,G,F,82.22222222222223,83.0,77.0,84.44444444444444,74.0,80.0,78.0,78.0,79.0,87.77777777777779,91.0,88.0,83.33333333333334,81.0,74.0,83.0,79.0,81.0,86.66666666666667,75.0,80.0,85.55555555555556,66.0,72.0,81.0,77.0,71.0,84.0,83.0,65.0,69.0,78.0,70.0,74.0,74.0,68.0,73.33333333333334,73.33333333333334,78.33333333333334,81.0,85.33333333333333,75.33333333333333,60.0,73.33333333333334,73.33333333333334,78.0,82.0,61.33333333333333,75.0,74.0,74.0,76.0,78.33333333333333,76.66666666666667,68.33333333333334
218,219,G06,G,F,86.66666666666667,81.0,86.0,86.66666666666667,78.0,90.0,86.0,77.0,90.0,87.77777777777779,72.0,93.0,87.77777777777779,89.0,87.0,83.0,89.0,93.5,87.77777777777779,86.0,91.0,87.77777777777779,83.0,95.0,83.0,88.0,90.0,96.0,85.0,79.0,93.0,82.0,85.55555555555556,83.0,91.0,84.0,80.0,92.5,94.58333333333334,97.0,82.0,78.0,82.0,86.66666666666667,85.0,82.66666666666666,86.66666666666666,92.33333333333333,81.0,94.0,83.33333333333333,83.33333333333333,94.66666666666666,91.11111111111111,91.66666666666667
220,221,G08,G,F,62.22222222222223,40.0,69.0,68.88888888888889,34.0,53.0,49.0,31.0,48.0,64.44444444444444,31.0,57.0,71.11111111111111,55.0,50.0,61.0,50.0,54.5,70.0,56.0,53.0,75.55555555555556,43.0,39.0,64.0,30.0,44.0,68.0,69.0,28.0,46.0,56.0,60.0,24.0,49.0,34.0,66.66666666666667,21.666666666666668,39.583333333333336,49.0,58.666666666666664,20.0,36.0,21.11111111111111,31.666666666666668,60.0,30.666666666666664,40.0,36.0,30.0,66.66666666666666,30.0,43.33333333333333,32.22222222222222,28.333333333333336
222,223,G10,G,F,74.44444444444444,55.0,72.0,84.44444444444444,81.0,86.0,70.0,70.0,74.0,73.33333333333334,60.0,71.0,73.33333333333334,49.0,69.0,79.0,57.0,77.5,78.88888888888889,55.0,62.0,74.44444444444444,36.0,60.0,68.0,35.0,62.0,60.0,72.0,31.0,62.0,43.0,68.88888888888889,34.0,60.0,35.0,62.5,23.333333333333336,52.083333333333336,55.0,66.66666666666666,30.666666666666664,50.0,28.88888888888889,33.333333333333336,72.66666666666666,36.0,60.33333333333333,46.0,30.0,64.0,42.666666666666664,60.0,46.66666666666667,26.666666666666668
223,224,G11,G,F,71.11111111111111,42.0,67.0,76.66666666666667,56.0,52.0,71.0,62.0,62.0,78.88888888888889,73.0,53.0,81.11111111111111,60.0,63.0,75.0,53.0,54.5,85.55555555555556,62.0,64.0,70.0,49.0,53.0,73.0,63.0,51.0,70.0,77.0,35.0,55.0,63.0,73.33333333333334,60.0,52.0,58.0,70.0,51.66666666666667,60.41666666666667,73.0,68.66666666666666,42.0,52.0,57.77777777777778,70.0,78.0,65.33333333333333,59.33333333333333,62.0,72.0,65.33333333333333,70.66666666666666,69.33333333333333,68.88888888888889,68.33333333333334
224,225,G12,G,F,82.22222222222223,73.0,85.0,84.44444444444444,70.0,76.0,86.0,83.0,87.0,92.22222222222223,85.0,80.0,93.33333333333334,82.0,90.0,80.0,81.0,88.5,87.77777777777779,77.0,93.0,86.66666666666667,67.0,91.0,81.0,87.0,88.0,95.0,84.0,79.0,87.0,75.0,90.0,80.0,82.0,83.0,77.5,85.83333333333334,90.0,96.0,87.33333333333333,87.33333333333333,74.0,81.11111111111111,80.0,82.0,84.66666666666666,88.66666666666666,75.0,91.0,80.0,82.66666666666666,87.33333333333333,92.22222222222223,80.0
225,226,G13,G,F,67.77777777777779,38.0,60.0,72.22222222222223,26.0,61.0,61.0,33.0,50.0,77.77777777777779,19.0,47.0,77.77777777777779,14.0,45.0,67.0,14.0,47.5,74.44444444444444,10.0,41.0,74.44444444444444,10.0,44.0,64.0,9.0,40.0,56.0,75.0,5.0,42.0,49.0,65.55555555555556,2.0,36.0,38.0,58.333333333333336,12.5,33.75,53.0,65.33333333333333,16.0,32.666666666666664,28.88888888888889,38.333333333333336,62.0,11.333333333333332,37.33333333333333,32.0,51.0,64.66666666666666,16.0,58.0,38.88888888888889,43.333333333333336
226,227,G14,G,F,65.55555555555556,33.0,57.0,54.44444444444445,19.0,55.0,54.0,10.0,51.0,58.88888888888889,9.0,41.0,56.66666666666667,21.0,46.0,59.0,10.0,45.5,53.333333333333336,14.0,52.0,54.44444444444445,15.0,39.0,56.0,11.0,39.0,59.0,55.0,2.0,42.0,48.0,58.88888888888889,11.0,42.0,21.0,57.5,12.5,44.583333333333336,54.0,57.33333333333333,2.6666666666666665,40.666666666666664,21.11111111111111,23.333333333333336,55.33333333333333,13.333333333333332,29.333333333333332,26.0,20.0,50.0,12.0,43.0,25.555555555555557,23.333333333333336
228,229,G16,G,M,86.66666666666667,74.0,66.0,65.55555555555556,60.0,74.0,75.0,45.0,68.0,82.22222222222223,76.0,72.0,84.44444444444444,64.0,72.0,84.0,80.0,79.5,91.11111111111111,73.0,80.0,87.77777777777779,49.0,67.0,83.0,70.0,77.0,92.0,81.0,66.0,74.0,81.0,76.66666666666667,69.0,80.0,83.0,70.0,74.16666666666667,77.5,90.0,69.33333333333333,71.33333333333333,76.0,85.55555555555556,83.33333333333334,75.33333333333333,72.0,78.33333333333333,85.0,91.0,68.66666666666666,79.33333333333333,88.0,78.88888888888889,81.66666666666667
230,231,G18,G,M,74.44444444444444,77.0,71.0,67.77777777777779,77.0,82.0,75.0,80.0,71.0,68.88888888888889,71.0,87.0,68.88888888888889,71.0,74.0,69.0,74.0,83.5,78.88888888888889,79.0,86.0,76.66666666666667,57.0,82.0,73.0,80.0,64.0,89.0,75.0,61.0,71.0,73.0,65.55555555555556,76.0,69.0,74.0,65.83333333333334,78.33333333333334,71.66666666666667,79.0,68.66666666666666,77.33333333333333,60.666666666666664,76.66666666666667,73.33333333333334,73.33333333333333,78.0,76.0,80.0,82.0,62.666666666666664,78.66666666666666,82.33333333333333,86.66666666666667,70.0
231,232,G19,G,M,76.66666666666667,76.0,56.0,76.66666666666667,69.0,71.0,73.0,87.0,77.0,82.22222222222223,81.0,82.0,74.44444444444444,80.0,74.0,75.0,93.0,87.5,75.55555555555556,87.0,82.0,80.0,85.0,84.0,75.0,86.0,84.0,91.0,82.0,83.0,87.0,83.0,66.66666666666667,80.0,84.0,96.0,69.16666666666667,85.83333333333334,92.5,96.0,72.0,80.0,68.66666666666666,81.11111111111111,85.0,74.0,90.66666666666666,87.33333333333333,89.0,86.0,73.33333333333333,94.0,89.33333333333333,86.66666666666667,90.0
232,233,G20,G,M,81.11111111111111,92.0,75.0,87.77777777777779,84.0,74.0,75.0,75.0,80.0,82.22222222222223,63.0,85.0,84.44444444444444,78.0,72.0,78.0,86.0,78.0,84.44444444444444,75.0,78.0,84.44444444444444,72.0,85.0,84.0,84.0,76.0,87.0,81.0,55.0,73.0,76.0,84.44444444444444,78.0,74.0,76.0,70.83333333333334,63.333333333333336,76.25,82.0,76.0,60.0,71.33333333333333,74.44444444444444,73.33333333333334,80.0,74.0,78.0,77.0,70.0,72.0,80.66666666666666,87.0,84.44444444444444,73.33333333333334
233,234,G21,G,M,76.66666666666667,49.0,68.0,81.11111111111111,57.0,74.0,72.0,66.0,68.0,76.66666666666667,47.0,73.0,81.11111111111111,47.0,70.0,76.0,56.0,76.5,76.66666666666667,50.0,72.0,64.44444444444444,41.0,69.0,67.0,42.0,62.0,63.0,78.0,33.0,68.0,69.0,76.66666666666667,41.0,68.0,43.0,69.16666666666667,35.833333333333336,70.83333333333334,75.0,67.33333333333333,38.0,62.0,58.88888888888889,51.66666666666667,74.66666666666666,47.33333333333333,73.0,57.0,48.0,70.66666666666666,48.666666666666664,72.0,53.333333333333336,51.66666666666667
236,237,G24,G,M,83.33333333333334,62.0,60.0,85.55555555555556,55.0,71.0,78.0,64.0,69.0,81.11111111111111,54.0,71.0,87.77777777777779,44.0,67.0,80.0,61.0,73.0,85.55555555555556,66.0,64.0,77.77777777777779,37.0,63.0,79.0,54.0,56.0,78.0,79.0,45.0,57.0,67.0,77.77777777777779,27.0,55.0,49.0,70.83333333333334,30.0,60.833333333333336,77.0,84.66666666666666,16.666666666666664,43.33333333333333,48.88888888888889,28.333333333333336,74.66666666666666,22.666666666666664,50.0,42.0,24.0,77.0,82.66666666666666,88.66666666666666,87.77777777777779,83.33333333333334
237,238,G25,G,M,74.44444444444444,49.0,49.0,61.111111111111114,54.0,55.0,72.0,51.0,60.0,82.22222222222223,26.0,49.0,50.0,12.0,33.0,74.0,18.0,49.5,85.55555555555556,27.0,44.0,73.33333333333334,15.0,46.0,78.0,3.0,32.0,79.0,80.0,8.0,45.0,62.0,58.88888888888889,12.0,29.0,36.0,64.16666666666667,11.666666666666668,48.333333333333336,67.0,71.33333333333333,8.0,23.333333333333332,33.333333333333336,55.0,62.666666666666664,13.333333333333332,35.0,46.0,75.0,62.0,6.666666666666666,40.0,46.66666666666667,65.0
238,239,G26,G,M,45.55555555555556,43.0,57.0,56.66666666666667,63.0,69.0,69.0,73.0,70.0,50.0,57.0,66.0,57.77777777777778,50.0,62.0,67.0,41.0,68.5,38.88888888888889,41.0,76.0,61.111111111111114,47.0,66.0,70.0,37.0,46.0,69.0,33.0,13.0,57.0,58.0,41.111111111111114,28.0,48.0,35.0,48.333333333333336,23.333333333333336,30.0,48.0,56.666666666666664,34.666666666666664,39.33333333333333,53.333333333333336,78.33333333333334,46.0,36.0,43.33333333333333,57.0,74.0,36.0,45.33333333333333,49.33333333333333,45.55555555555556,70.0
239,240,G27,G,M,77.77777777777779,80.0,77.0,76.66666666666667,75.0,77.0,76.0,87.0,79.0,91.11111111111111,56.0,78.0,85.55555555555556,74.0,74.0,78.0,75.0,81.5,84.44444444444444,84.0,86.0,81.11111111111111,81.0,81.0,85.0,63.0,77.0,84.0,79.0,74.0,78.0,85.0,81.11111111111111,73.0,78.0,81.0,75.83333333333334,77.5,85.0,98.0,74.66666666666666,79.33333333333333,70.66666666666666,74.44444444444444,85.0,79.33333333333333,88.66666666666666,82.0,88.0,86.0,74.66666666666666,76.0,89.66666666666666,82.22222222222223,86.66666666666667
241,242,G29,G,M,65.55555555555556,12.0,62.0,63.333333333333336,9.0,54.0,48.0,12.0,48.0,66.66666666666667,19.0,58.0,63.333333333333336,10.0,50.0,62.0,18.0,45.5,65.55555555555556,18.0,60.0,66.66666666666667,4.0,44.0,54.0,7.0,46.0,47.0,58.0,2.0,45.0,53.0,54.44444444444445,5.0,41.0,17.0,50.833333333333336,35.833333333333336,51.66666666666667,46.0,57.33333333333333,2.6666666666666665,34.0,24.444444444444446,23.333333333333336,59.33333333333333,6.666666666666666,38.666666666666664,30.0,25.0,52.0,17.333333333333332,51.666666666666664,32.22222222222222,15.0
242,243,G30,G,M,73.33333333333334,56.0,72.0,77.77777777777779,62.0,70.0,71.0,61.0,72.0,68.88888888888889,64.0,78.0,62.22222222222223,52.0,74.0,64.0,55.0,77.5,63.333333333333336,73.0,82.0,74.44444444444444,63.0,68.0,64.0,64.0,76.0,79.0,58.0,58.0,78.0,78.0,45.55555555555556,63.0,74.0,67.0,54.16666666666667,60.833333333333336,81.66666666666667,89.0,63.33333333333333,61.33333333333333,63.33333333333333,66.66666666666667,81.66666666666667,56.666666666666664,56.666666666666664,73.66666666666666,68.0,88.0,68.0,68.66666666666666,82.33333333333333,75.55555555555556,83.33333333333334
